aajohan-comfortaa-fonts-3.001-2.el8.noarch.rpm,aajohan-comfortaa-fonts-3.001-2.el8.noarch.rpm
acl-2.2.53-1.el8.x86_64.rpm,acl-2.2.53-1.el8.x86_64.rpm
acpica-tools-20180629-3.el8.x86_64.rpm,acpica-tools-20180629-3.el8.x86_64.rpm
adcli-0.8.2-7.el8.x86_64.rpm,adcli-0.8.2-7.el8.x86_64.rpm
adcli-doc-0.8.2-7.el8.noarch.rpm,adcli-doc-0.8.2-7.el8.noarch.rpm
alsa-sof-firmware-1.5-2.el8.noarch.rpm,alsa-sof-firmware-1.5-2.el8.noarch.rpm
arpwatch-2.1a15-44.el8.x86_64.rpm,arpwatch-2.1a15-44.el8.x86_64.rpm
at-3.1.20-11.el8.x86_64.rpm,at-3.1.20-11.el8.x86_64.rpm
atlas-3.10.3-8.el8.i686.rpm,atlas-3.10.3-8.el8.i686.rpm
atlas-3.10.3-8.el8.x86_64.rpm,atlas-3.10.3-8.el8.x86_64.rpm
atlas-corei2-3.10.3-8.el8.x86_64.rpm,atlas-corei2-3.10.3-8.el8.x86_64.rpm
atlas-corei2-devel-3.10.3-8.el8.x86_64.rpm,atlas-corei2-devel-3.10.3-8.el8.x86_64.rpm
atlas-devel-3.10.3-8.el8.i686.rpm,atlas-devel-3.10.3-8.el8.i686.rpm
atlas-devel-3.10.3-8.el8.x86_64.rpm,atlas-devel-3.10.3-8.el8.x86_64.rpm
attr-2.4.48-3.el8.x86_64.rpm,attr-2.4.48-3.el8.x86_64.rpm
audispd-plugins-3.0-0.17.20191104git1c2f876.el8.x86_64.rpm,audispd-plugins-3.0-0.17.20191104git1c2f876.el8.x86_64.rpm
audispd-plugins-zos-3.0-0.17.20191104git1c2f876.el8.x86_64.rpm,audispd-plugins-zos-3.0-0.17.20191104git1c2f876.el8.x86_64.rpm
audit-3.0-0.17.20191104git1c2f876.el8.x86_64.rpm,audit-3.0-0.17.20191104git1c2f876.el8.x86_64.rpm
audit-libs-3.0-0.17.20191104git1c2f876.el8.i686.rpm,audit-libs-3.0-0.17.20191104git1c2f876.el8.i686.rpm
audit-libs-3.0-0.17.20191104git1c2f876.el8.x86_64.rpm,audit-libs-3.0-0.17.20191104git1c2f876.el8.x86_64.rpm
audit-libs-devel-3.0-0.17.20191104git1c2f876.el8.i686.rpm,audit-libs-devel-3.0-0.17.20191104git1c2f876.el8.i686.rpm
audit-libs-devel-3.0-0.17.20191104git1c2f876.el8.x86_64.rpm,audit-libs-devel-3.0-0.17.20191104git1c2f876.el8.x86_64.rpm
augeas-1.12.0-5.el8.x86_64.rpm,augeas-1.12.0-5.el8.x86_64.rpm
augeas-libs-1.12.0-5.el8.i686.rpm,augeas-libs-1.12.0-5.el8.i686.rpm
augeas-libs-1.12.0-5.el8.x86_64.rpm,augeas-libs-1.12.0-5.el8.x86_64.rpm
authselect-1.2.1-2.el8.x86_64.rpm,authselect-1.2.1-2.el8.x86_64.rpm
authselect-libs-1.2.1-2.el8.i686.rpm,authselect-libs-1.2.1-2.el8.i686.rpm
authselect-libs-1.2.1-2.el8.x86_64.rpm,authselect-libs-1.2.1-2.el8.x86_64.rpm
autofs-5.1.4-43.el8.x86_64.rpm,autofs-5.1.4-43.el8.x86_64.rpm
avahi-0.7-19.el8.i686.rpm,avahi-0.7-19.el8.i686.rpm
avahi-0.7-19.el8.x86_64.rpm,avahi-0.7-19.el8.x86_64.rpm
avahi-autoipd-0.7-19.el8.x86_64.rpm,avahi-autoipd-0.7-19.el8.x86_64.rpm
avahi-glib-0.7-19.el8.i686.rpm,avahi-glib-0.7-19.el8.i686.rpm
avahi-glib-0.7-19.el8.x86_64.rpm,avahi-glib-0.7-19.el8.x86_64.rpm
avahi-gobject-0.7-19.el8.i686.rpm,avahi-gobject-0.7-19.el8.i686.rpm
avahi-gobject-0.7-19.el8.x86_64.rpm,avahi-gobject-0.7-19.el8.x86_64.rpm
avahi-libs-0.7-19.el8.i686.rpm,avahi-libs-0.7-19.el8.i686.rpm
avahi-libs-0.7-19.el8.x86_64.rpm,avahi-libs-0.7-19.el8.x86_64.rpm
basesystem-11-5.el8.noarch.rpm,basesystem-11-5.el8.noarch.rpm
bash-4.4.19-12.el8.x86_64.rpm,bash-4.4.19-12.el8.x86_64.rpm
bash-completion-2.7-5.el8.noarch.rpm,bash-completion-2.7-5.el8.noarch.rpm
bash-doc-4.4.19-12.el8.x86_64.rpm,bash-doc-4.4.19-12.el8.x86_64.rpm
bc-1.07.1-5.el8.x86_64.rpm,bc-1.07.1-5.el8.x86_64.rpm
binutils-2.30-79.el8.x86_64.rpm,binutils-2.30-79.el8.x86_64.rpm
biosdevname-0.7.3-2.el8.x86_64.rpm,biosdevname-0.7.3-2.el8.x86_64.rpm
blktrace-1.2.0-10.el8.x86_64.rpm,blktrace-1.2.0-10.el8.x86_64.rpm
bluez-5.52-1.el8.x86_64.rpm,bluez-5.52-1.el8.x86_64.rpm
bluez-hid2hci-5.52-1.el8.x86_64.rpm,bluez-hid2hci-5.52-1.el8.x86_64.rpm
bluez-libs-5.52-1.el8.i686.rpm,bluez-libs-5.52-1.el8.i686.rpm
bluez-libs-5.52-1.el8.x86_64.rpm,bluez-libs-5.52-1.el8.x86_64.rpm
bluez-obexd-5.52-1.el8.x86_64.rpm,bluez-obexd-5.52-1.el8.x86_64.rpm
bolt-0.9-1.el8.x86_64.rpm,bolt-0.9-1.el8.x86_64.rpm
boom-boot-1.2-2.el8.noarch.rpm,boom-boot-1.2-2.el8.noarch.rpm
boom-boot-conf-1.2-2.el8.noarch.rpm,boom-boot-conf-1.2-2.el8.noarch.rpm
boom-boot-grub2-1.2-2.el8.noarch.rpm,boom-boot-grub2-1.2-2.el8.noarch.rpm
brotli-1.0.6-2.el8.i686.rpm,brotli-1.0.6-2.el8.i686.rpm
brotli-1.0.6-2.el8.x86_64.rpm,brotli-1.0.6-2.el8.x86_64.rpm
bsdtar-3.3.2-9.el8.x86_64.rpm,bsdtar-3.3.2-9.el8.x86_64.rpm
bubblewrap-0.4.0-1.el8.x86_64.rpm,bubblewrap-0.4.0-1.el8.x86_64.rpm
bzip2-1.0.6-26.el8.x86_64.rpm,bzip2-1.0.6-26.el8.x86_64.rpm
bzip2-devel-1.0.6-26.el8.i686.rpm,bzip2-devel-1.0.6-26.el8.i686.rpm
bzip2-devel-1.0.6-26.el8.x86_64.rpm,bzip2-devel-1.0.6-26.el8.x86_64.rpm
bzip2-libs-1.0.6-26.el8.i686.rpm,bzip2-libs-1.0.6-26.el8.i686.rpm
bzip2-libs-1.0.6-26.el8.x86_64.rpm,bzip2-libs-1.0.6-26.el8.x86_64.rpm
cachefilesd-0.10.10-4.el8.x86_64.rpm,cachefilesd-0.10.10-4.el8.x86_64.rpm
c-ares-1.13.0-5.el8.i686.rpm,c-ares-1.13.0-5.el8.i686.rpm
c-ares-1.13.0-5.el8.x86_64.rpm,c-ares-1.13.0-5.el8.x86_64.rpm
c-ares-devel-1.13.0-5.el8.i686.rpm,c-ares-devel-1.13.0-5.el8.i686.rpm
c-ares-devel-1.13.0-5.el8.x86_64.rpm,c-ares-devel-1.13.0-5.el8.x86_64.rpm
checkpolicy-2.9-1.el8.x86_64.rpm,checkpolicy-2.9-1.el8.x86_64.rpm
chkconfig-1.13-2.el8.x86_64.rpm,chkconfig-1.13-2.el8.x86_64.rpm
chrony-3.5-1.el8.x86_64.rpm,chrony-3.5-1.el8.x86_64.rpm
chrpath-0.16-7.el8.x86_64.rpm,chrpath-0.16-7.el8.x86_64.rpm
cifs-utils-6.8-3.el8.x86_64.rpm,cifs-utils-6.8-3.el8.x86_64.rpm
cockpit-224.2-1.el8.x86_64.rpm,cockpit-224.2-1.el8.x86_64.rpm
cockpit-bridge-224.2-1.el8.x86_64.rpm,cockpit-bridge-224.2-1.el8.x86_64.rpm
cockpit-doc-224.2-1.el8.noarch.rpm,cockpit-doc-224.2-1.el8.noarch.rpm
cockpit-system-224.2-1.el8.noarch.rpm,cockpit-system-224.2-1.el8.noarch.rpm
cockpit-ws-224.2-1.el8.x86_64.rpm,cockpit-ws-224.2-1.el8.x86_64.rpm
conntrack-tools-1.4.4-10.el8.x86_64.rpm,conntrack-tools-1.4.4-10.el8.x86_64.rpm
coreutils-8.30-8.el8.x86_64.rpm,coreutils-8.30-8.el8.x86_64.rpm
coreutils-common-8.30-8.el8.x86_64.rpm,coreutils-common-8.30-8.el8.x86_64.rpm
coreutils-single-8.30-8.el8.x86_64.rpm,coreutils-single-8.30-8.el8.x86_64.rpm
cpio-2.12-8.el8.x86_64.rpm,cpio-2.12-8.el8.x86_64.rpm
cracklib-2.9.6-15.el8.i686.rpm,cracklib-2.9.6-15.el8.i686.rpm
cracklib-2.9.6-15.el8.x86_64.rpm,cracklib-2.9.6-15.el8.x86_64.rpm
cracklib-dicts-2.9.6-15.el8.x86_64.rpm,cracklib-dicts-2.9.6-15.el8.x86_64.rpm
crda-3.18_2018.05.31-3.el8.noarch.rpm,crda-3.18_2018.05.31-3.el8.noarch.rpm
cronie-1.5.2-4.el8.x86_64.rpm,cronie-1.5.2-4.el8.x86_64.rpm
cronie-anacron-1.5.2-4.el8.x86_64.rpm,cronie-anacron-1.5.2-4.el8.x86_64.rpm
cronie-noanacron-1.5.2-4.el8.x86_64.rpm,cronie-noanacron-1.5.2-4.el8.x86_64.rpm
crontabs-1.11-16.20150630git.el8.noarch.rpm,crontabs-1.11-16.20150630git.el8.noarch.rpm
cryptsetup-2.3.3-2.el8.x86_64.rpm,cryptsetup-2.3.3-2.el8.x86_64.rpm
cryptsetup-libs-2.3.3-2.el8.i686.rpm,cryptsetup-libs-2.3.3-2.el8.i686.rpm
cryptsetup-libs-2.3.3-2.el8.x86_64.rpm,cryptsetup-libs-2.3.3-2.el8.x86_64.rpm
cryptsetup-reencrypt-2.3.3-2.el8.x86_64.rpm,cryptsetup-reencrypt-2.3.3-2.el8.x86_64.rpm
cups-libs-2.2.6-38.el8.i686.rpm,cups-libs-2.2.6-38.el8.i686.rpm
cups-libs-2.2.6-38.el8.x86_64.rpm,cups-libs-2.2.6-38.el8.x86_64.rpm
cyrus-sasl-2.1.27-5.el8.i686.rpm,cyrus-sasl-2.1.27-5.el8.i686.rpm
cyrus-sasl-2.1.27-5.el8.x86_64.rpm,cyrus-sasl-2.1.27-5.el8.x86_64.rpm
cyrus-sasl-devel-2.1.27-5.el8.i686.rpm,cyrus-sasl-devel-2.1.27-5.el8.i686.rpm
cyrus-sasl-devel-2.1.27-5.el8.x86_64.rpm,cyrus-sasl-devel-2.1.27-5.el8.x86_64.rpm
cyrus-sasl-gs2-2.1.27-5.el8.i686.rpm,cyrus-sasl-gs2-2.1.27-5.el8.i686.rpm
cyrus-sasl-gs2-2.1.27-5.el8.x86_64.rpm,cyrus-sasl-gs2-2.1.27-5.el8.x86_64.rpm
cyrus-sasl-gssapi-2.1.27-5.el8.i686.rpm,cyrus-sasl-gssapi-2.1.27-5.el8.i686.rpm
cyrus-sasl-gssapi-2.1.27-5.el8.x86_64.rpm,cyrus-sasl-gssapi-2.1.27-5.el8.x86_64.rpm
cyrus-sasl-ldap-2.1.27-5.el8.i686.rpm,cyrus-sasl-ldap-2.1.27-5.el8.i686.rpm
cyrus-sasl-ldap-2.1.27-5.el8.x86_64.rpm,cyrus-sasl-ldap-2.1.27-5.el8.x86_64.rpm
cyrus-sasl-lib-2.1.27-5.el8.i686.rpm,cyrus-sasl-lib-2.1.27-5.el8.i686.rpm
cyrus-sasl-lib-2.1.27-5.el8.x86_64.rpm,cyrus-sasl-lib-2.1.27-5.el8.x86_64.rpm
cyrus-sasl-md5-2.1.27-5.el8.i686.rpm,cyrus-sasl-md5-2.1.27-5.el8.i686.rpm
cyrus-sasl-md5-2.1.27-5.el8.x86_64.rpm,cyrus-sasl-md5-2.1.27-5.el8.x86_64.rpm
cyrus-sasl-ntlm-2.1.27-5.el8.i686.rpm,cyrus-sasl-ntlm-2.1.27-5.el8.i686.rpm
cyrus-sasl-ntlm-2.1.27-5.el8.x86_64.rpm,cyrus-sasl-ntlm-2.1.27-5.el8.x86_64.rpm
cyrus-sasl-plain-2.1.27-5.el8.i686.rpm,cyrus-sasl-plain-2.1.27-5.el8.i686.rpm
cyrus-sasl-plain-2.1.27-5.el8.x86_64.rpm,cyrus-sasl-plain-2.1.27-5.el8.x86_64.rpm
cyrus-sasl-scram-2.1.27-5.el8.i686.rpm,cyrus-sasl-scram-2.1.27-5.el8.i686.rpm
cyrus-sasl-scram-2.1.27-5.el8.x86_64.rpm,cyrus-sasl-scram-2.1.27-5.el8.x86_64.rpm
daxctl-67-2.el8.x86_64.rpm,daxctl-67-2.el8.x86_64.rpm
daxctl-libs-67-2.el8.i686.rpm,daxctl-libs-67-2.el8.i686.rpm
daxctl-libs-67-2.el8.x86_64.rpm,daxctl-libs-67-2.el8.x86_64.rpm
dbus-glib-0.110-2.el8.i686.rpm,dbus-glib-0.110-2.el8.i686.rpm
dbus-glib-0.110-2.el8.x86_64.rpm,dbus-glib-0.110-2.el8.x86_64.rpm
dejavu-fonts-common-2.35-6.el8.noarch.rpm,dejavu-fonts-common-2.35-6.el8.noarch.rpm
dejavu-sans-fonts-2.35-6.el8.noarch.rpm,dejavu-sans-fonts-2.35-6.el8.noarch.rpm
dejavu-sans-mono-fonts-2.35-6.el8.noarch.rpm,dejavu-sans-mono-fonts-2.35-6.el8.noarch.rpm
dejavu-serif-fonts-2.35-6.el8.noarch.rpm,dejavu-serif-fonts-2.35-6.el8.noarch.rpm
device-mapper-multipath-0.8.4-5.el8.x86_64.rpm,device-mapper-multipath-0.8.4-5.el8.x86_64.rpm
device-mapper-multipath-libs-0.8.4-5.el8.i686.rpm,device-mapper-multipath-libs-0.8.4-5.el8.i686.rpm
device-mapper-multipath-libs-0.8.4-5.el8.x86_64.rpm,device-mapper-multipath-libs-0.8.4-5.el8.x86_64.rpm
device-mapper-persistent-data-0.8.5-4.el8.x86_64.rpm,device-mapper-persistent-data-0.8.5-4.el8.x86_64.rpm
dhcp-client-4.3.6-41.el8.x86_64.rpm,dhcp-client-4.3.6-41.el8.x86_64.rpm
dhcp-common-4.3.6-41.el8.noarch.rpm,dhcp-common-4.3.6-41.el8.noarch.rpm
dhcp-libs-4.3.6-41.el8.i686.rpm,dhcp-libs-4.3.6-41.el8.i686.rpm
dhcp-libs-4.3.6-41.el8.x86_64.rpm,dhcp-libs-4.3.6-41.el8.x86_64.rpm
dhcp-relay-4.3.6-41.el8.x86_64.rpm,dhcp-relay-4.3.6-41.el8.x86_64.rpm
dhcp-server-4.3.6-41.el8.x86_64.rpm,dhcp-server-4.3.6-41.el8.x86_64.rpm
diffutils-3.6-6.el8.x86_64.rpm,diffutils-3.6-6.el8.x86_64.rpm
dlm-lib-4.0.9-3.el8.i686.rpm,dlm-lib-4.0.9-3.el8.i686.rpm
dlm-lib-4.0.9-3.el8.x86_64.rpm,dlm-lib-4.0.9-3.el8.x86_64.rpm
dmidecode-3.2-6.el8.x86_64.rpm,dmidecode-3.2-6.el8.x86_64.rpm
dnf-4.2.23-4.el8.noarch.rpm,dnf-4.2.23-4.el8.noarch.rpm
dnf-automatic-4.2.23-4.el8.noarch.rpm,dnf-automatic-4.2.23-4.el8.noarch.rpm
dnf-data-4.2.23-4.el8.noarch.rpm,dnf-data-4.2.23-4.el8.noarch.rpm
dnf-plugins-core-4.0.17-5.el8.noarch.rpm,dnf-plugins-core-4.0.17-5.el8.noarch.rpm
dos2unix-7.4.0-3.el8.x86_64.rpm,dos2unix-7.4.0-3.el8.x86_64.rpm
dosfstools-4.1-6.el8.x86_64.rpm,dosfstools-4.1-6.el8.x86_64.rpm
dump-0.4-0.36.b46.el8.x86_64.rpm,dump-0.4-0.36.b46.el8.x86_64.rpm
e2fsprogs-1.45.6-1.el8.x86_64.rpm,e2fsprogs-1.45.6-1.el8.x86_64.rpm
e2fsprogs-devel-1.45.6-1.el8.i686.rpm,e2fsprogs-devel-1.45.6-1.el8.i686.rpm
e2fsprogs-devel-1.45.6-1.el8.x86_64.rpm,e2fsprogs-devel-1.45.6-1.el8.x86_64.rpm
e2fsprogs-libs-1.45.6-1.el8.i686.rpm,e2fsprogs-libs-1.45.6-1.el8.i686.rpm
e2fsprogs-libs-1.45.6-1.el8.x86_64.rpm,e2fsprogs-libs-1.45.6-1.el8.x86_64.rpm
ed-1.14.2-4.el8.x86_64.rpm,ed-1.14.2-4.el8.x86_64.rpm
efibootmgr-16-1.el8.x86_64.rpm,efibootmgr-16-1.el8.x86_64.rpm
efi-filesystem-3-2.el8.noarch.rpm,efi-filesystem-3-2.el8.noarch.rpm
efivar-37-4.el8.x86_64.rpm,efivar-37-4.el8.x86_64.rpm
efivar-libs-37-4.el8.i686.rpm,efivar-libs-37-4.el8.i686.rpm
efivar-libs-37-4.el8.x86_64.rpm,efivar-libs-37-4.el8.x86_64.rpm
elfutils-0.180-1.el8.x86_64.rpm,elfutils-0.180-1.el8.x86_64.rpm
elfutils-debuginfod-0.180-1.el8.x86_64.rpm,elfutils-debuginfod-0.180-1.el8.x86_64.rpm
elfutils-debuginfod-client-0.180-1.el8.i686.rpm,elfutils-debuginfod-client-0.180-1.el8.i686.rpm
elfutils-debuginfod-client-0.180-1.el8.x86_64.rpm,elfutils-debuginfod-client-0.180-1.el8.x86_64.rpm
elfutils-debuginfod-client-devel-0.180-1.el8.i686.rpm,elfutils-debuginfod-client-devel-0.180-1.el8.i686.rpm
elfutils-debuginfod-client-devel-0.180-1.el8.x86_64.rpm,elfutils-debuginfod-client-devel-0.180-1.el8.x86_64.rpm
elfutils-default-yama-scope-0.180-1.el8.noarch.rpm,elfutils-default-yama-scope-0.180-1.el8.noarch.rpm
elfutils-devel-0.180-1.el8.i686.rpm,elfutils-devel-0.180-1.el8.i686.rpm
elfutils-devel-0.180-1.el8.x86_64.rpm,elfutils-devel-0.180-1.el8.x86_64.rpm
elfutils-libelf-0.180-1.el8.i686.rpm,elfutils-libelf-0.180-1.el8.i686.rpm
elfutils-libelf-0.180-1.el8.x86_64.rpm,elfutils-libelf-0.180-1.el8.x86_64.rpm
elfutils-libelf-devel-0.180-1.el8.i686.rpm,elfutils-libelf-devel-0.180-1.el8.i686.rpm
elfutils-libelf-devel-0.180-1.el8.x86_64.rpm,elfutils-libelf-devel-0.180-1.el8.x86_64.rpm
elfutils-libs-0.180-1.el8.i686.rpm,elfutils-libs-0.180-1.el8.i686.rpm
elfutils-libs-0.180-1.el8.x86_64.rpm,elfutils-libs-0.180-1.el8.x86_64.rpm
emacs-filesystem-26.1-5.el8.noarch.rpm,emacs-filesystem-26.1-5.el8.noarch.rpm
environment-modules-4.5.2-1.el8.x86_64.rpm,environment-modules-4.5.2-1.el8.x86_64.rpm
ethtool-5.0-2.el8.x86_64.rpm,ethtool-5.0-2.el8.x86_64.rpm
expat-2.2.5-4.el8.i686.rpm,expat-2.2.5-4.el8.i686.rpm
expat-2.2.5-4.el8.x86_64.rpm,expat-2.2.5-4.el8.x86_64.rpm
expat-devel-2.2.5-4.el8.i686.rpm,expat-devel-2.2.5-4.el8.i686.rpm
expat-devel-2.2.5-4.el8.x86_64.rpm,expat-devel-2.2.5-4.el8.x86_64.rpm
expect-5.45.4-5.el8.x86_64.rpm,expect-5.45.4-5.el8.x86_64.rpm
fcoe-utils-1.0.32-7.el8.x86_64.rpm,fcoe-utils-1.0.32-7.el8.x86_64.rpm
filesystem-3.8-3.el8.x86_64.rpm,filesystem-3.8-3.el8.x86_64.rpm
findutils-4.6.0-20.el8.x86_64.rpm,findutils-4.6.0-20.el8.x86_64.rpm
fipscheck-1.5.0-4.el8.x86_64.rpm,fipscheck-1.5.0-4.el8.x86_64.rpm
fipscheck-lib-1.5.0-4.el8.i686.rpm,fipscheck-lib-1.5.0-4.el8.i686.rpm
fipscheck-lib-1.5.0-4.el8.x86_64.rpm,fipscheck-lib-1.5.0-4.el8.x86_64.rpm
firewalld-0.8.2-2.el8.noarch.rpm,firewalld-0.8.2-2.el8.noarch.rpm
firewalld-filesystem-0.8.2-2.el8.noarch.rpm,firewalld-filesystem-0.8.2-2.el8.noarch.rpm
fontconfig-2.13.1-3.el8.i686.rpm,fontconfig-2.13.1-3.el8.i686.rpm
fontconfig-2.13.1-3.el8.x86_64.rpm,fontconfig-2.13.1-3.el8.x86_64.rpm
fontconfig-devel-2.13.1-3.el8.i686.rpm,fontconfig-devel-2.13.1-3.el8.i686.rpm
fontconfig-devel-2.13.1-3.el8.x86_64.rpm,fontconfig-devel-2.13.1-3.el8.x86_64.rpm
fontpackages-filesystem-1.44-22.el8.noarch.rpm,fontpackages-filesystem-1.44-22.el8.noarch.rpm
freeipmi-1.6.1-1.el8.i686.rpm,freeipmi-1.6.1-1.el8.i686.rpm
freeipmi-1.6.1-1.el8.x86_64.rpm,freeipmi-1.6.1-1.el8.x86_64.rpm
freeipmi-bmc-watchdog-1.6.1-1.el8.x86_64.rpm,freeipmi-bmc-watchdog-1.6.1-1.el8.x86_64.rpm
freeipmi-ipmidetectd-1.6.1-1.el8.x86_64.rpm,freeipmi-ipmidetectd-1.6.1-1.el8.x86_64.rpm
freeipmi-ipmiseld-1.6.1-1.el8.x86_64.rpm,freeipmi-ipmiseld-1.6.1-1.el8.x86_64.rpm
fuse-2.9.7-12.el8.x86_64.rpm,fuse-2.9.7-12.el8.x86_64.rpm
fuse3-3.2.1-12.el8.x86_64.rpm,fuse3-3.2.1-12.el8.x86_64.rpm
fuse3-devel-3.2.1-12.el8.i686.rpm,fuse3-devel-3.2.1-12.el8.i686.rpm
fuse3-devel-3.2.1-12.el8.x86_64.rpm,fuse3-devel-3.2.1-12.el8.x86_64.rpm
fuse3-libs-3.2.1-12.el8.i686.rpm,fuse3-libs-3.2.1-12.el8.i686.rpm
fuse3-libs-3.2.1-12.el8.x86_64.rpm,fuse3-libs-3.2.1-12.el8.x86_64.rpm
fuse-common-3.2.1-12.el8.x86_64.rpm,fuse-common-3.2.1-12.el8.x86_64.rpm
fuse-devel-2.9.7-12.el8.i686.rpm,fuse-devel-2.9.7-12.el8.i686.rpm
fuse-devel-2.9.7-12.el8.x86_64.rpm,fuse-devel-2.9.7-12.el8.x86_64.rpm
fuse-libs-2.9.7-12.el8.i686.rpm,fuse-libs-2.9.7-12.el8.i686.rpm
fuse-libs-2.9.7-12.el8.x86_64.rpm,fuse-libs-2.9.7-12.el8.x86_64.rpm
fwupd-1.4.2-4.el8.x86_64.rpm,fwupd-1.4.2-4.el8.x86_64.rpm
fwupdate-11-3.el8.x86_64.rpm,fwupdate-11-3.el8.x86_64.rpm
fwupdate-efi-11-3.el8.x86_64.rpm,fwupdate-efi-11-3.el8.x86_64.rpm
fwupdate-libs-11-3.el8.x86_64.rpm,fwupdate-libs-11-3.el8.x86_64.rpm
fxload-2008_10_13-10.el8.x86_64.rpm,fxload-2008_10_13-10.el8.x86_64.rpm
gamin-0.1.10-31.el8.i686.rpm,gamin-0.1.10-31.el8.i686.rpm
gamin-0.1.10-31.el8.x86_64.rpm,gamin-0.1.10-31.el8.x86_64.rpm
gawk-4.2.1-1.el8.x86_64.rpm,gawk-4.2.1-1.el8.x86_64.rpm
gdbm-1.18-1.el8.i686.rpm,gdbm-1.18-1.el8.i686.rpm
gdbm-1.18-1.el8.x86_64.rpm,gdbm-1.18-1.el8.x86_64.rpm
gdbm-devel-1.18-1.el8.i686.rpm,gdbm-devel-1.18-1.el8.i686.rpm
gdbm-devel-1.18-1.el8.x86_64.rpm,gdbm-devel-1.18-1.el8.x86_64.rpm
gdbm-libs-1.18-1.el8.i686.rpm,gdbm-libs-1.18-1.el8.i686.rpm
gdbm-libs-1.18-1.el8.x86_64.rpm,gdbm-libs-1.18-1.el8.x86_64.rpm
gdisk-1.0.3-6.el8.x86_64.rpm,gdisk-1.0.3-6.el8.x86_64.rpm
gdk-pixbuf2-2.36.12-5.el8.i686.rpm,gdk-pixbuf2-2.36.12-5.el8.i686.rpm
gdk-pixbuf2-2.36.12-5.el8.x86_64.rpm,gdk-pixbuf2-2.36.12-5.el8.x86_64.rpm
genwqe-tools-4.0.20-5.el8.x86_64.rpm,genwqe-tools-4.0.20-5.el8.x86_64.rpm
genwqe-vpd-4.0.20-5.el8.x86_64.rpm,genwqe-vpd-4.0.20-5.el8.x86_64.rpm
genwqe-zlib-4.0.20-5.el8.i686.rpm,genwqe-zlib-4.0.20-5.el8.i686.rpm
genwqe-zlib-4.0.20-5.el8.x86_64.rpm,genwqe-zlib-4.0.20-5.el8.x86_64.rpm
genwqe-zlib-devel-4.0.20-5.el8.i686.rpm,genwqe-zlib-devel-4.0.20-5.el8.i686.rpm
genwqe-zlib-devel-4.0.20-5.el8.x86_64.rpm,genwqe-zlib-devel-4.0.20-5.el8.x86_64.rpm
gettext-0.19.8.1-17.el8.x86_64.rpm,gettext-0.19.8.1-17.el8.x86_64.rpm
gettext-common-devel-0.19.8.1-17.el8.noarch.rpm,gettext-common-devel-0.19.8.1-17.el8.noarch.rpm
gettext-devel-0.19.8.1-17.el8.i686.rpm,gettext-devel-0.19.8.1-17.el8.i686.rpm
gettext-devel-0.19.8.1-17.el8.x86_64.rpm,gettext-devel-0.19.8.1-17.el8.x86_64.rpm
gettext-libs-0.19.8.1-17.el8.i686.rpm,gettext-libs-0.19.8.1-17.el8.i686.rpm
gettext-libs-0.19.8.1-17.el8.x86_64.rpm,gettext-libs-0.19.8.1-17.el8.x86_64.rpm
gfs2-utils-3.2.0-9.el8.x86_64.rpm,gfs2-utils-3.2.0-9.el8.x86_64.rpm
glib2-2.56.4-8.el8.i686.rpm,glib2-2.56.4-8.el8.i686.rpm
glib2-2.56.4-8.el8.x86_64.rpm,glib2-2.56.4-8.el8.x86_64.rpm
glib2-devel-2.56.4-8.el8.i686.rpm,glib2-devel-2.56.4-8.el8.i686.rpm
glib2-devel-2.56.4-8.el8.x86_64.rpm,glib2-devel-2.56.4-8.el8.x86_64.rpm
glib2-fam-2.56.4-8.el8.x86_64.rpm,glib2-fam-2.56.4-8.el8.x86_64.rpm
glib2-tests-2.56.4-8.el8.x86_64.rpm,glib2-tests-2.56.4-8.el8.x86_64.rpm
glib-networking-2.56.1-1.1.el8.i686.rpm,glib-networking-2.56.1-1.1.el8.i686.rpm
glib-networking-2.56.1-1.1.el8.x86_64.rpm,glib-networking-2.56.1-1.1.el8.x86_64.rpm
glusterfs-6.0-37.2.el8.x86_64.rpm,glusterfs-6.0-37.2.el8.x86_64.rpm
glusterfs-client-xlators-6.0-37.2.el8.x86_64.rpm,glusterfs-client-xlators-6.0-37.2.el8.x86_64.rpm
glusterfs-fuse-6.0-37.2.el8.x86_64.rpm,glusterfs-fuse-6.0-37.2.el8.x86_64.rpm
glusterfs-libs-6.0-37.2.el8.x86_64.rpm,glusterfs-libs-6.0-37.2.el8.x86_64.rpm
glusterfs-rdma-6.0-37.2.el8.x86_64.rpm,glusterfs-rdma-6.0-37.2.el8.x86_64.rpm
gmp-6.1.2-10.el8.i686.rpm,gmp-6.1.2-10.el8.i686.rpm
gmp-6.1.2-10.el8.x86_64.rpm,gmp-6.1.2-10.el8.x86_64.rpm
gmp-c++-6.1.2-10.el8.i686.rpm,gmp-c++-6.1.2-10.el8.i686.rpm
gmp-c++-6.1.2-10.el8.x86_64.rpm,gmp-c++-6.1.2-10.el8.x86_64.rpm
gmp-devel-6.1.2-10.el8.i686.rpm,gmp-devel-6.1.2-10.el8.i686.rpm
gmp-devel-6.1.2-10.el8.x86_64.rpm,gmp-devel-6.1.2-10.el8.x86_64.rpm
gnupg2-2.2.20-2.el8.x86_64.rpm,gnupg2-2.2.20-2.el8.x86_64.rpm
gnupg2-smime-2.2.20-2.el8.x86_64.rpm,gnupg2-smime-2.2.20-2.el8.x86_64.rpm
gobject-introspection-1.56.1-1.el8.i686.rpm,gobject-introspection-1.56.1-1.el8.i686.rpm
gobject-introspection-1.56.1-1.el8.x86_64.rpm,gobject-introspection-1.56.1-1.el8.x86_64.rpm
gpgme-1.13.1-3.el8.i686.rpm,gpgme-1.13.1-3.el8.i686.rpm
gpgme-1.13.1-3.el8.x86_64.rpm,gpgme-1.13.1-3.el8.x86_64.rpm
gpgmepp-1.13.1-3.el8.i686.rpm,gpgmepp-1.13.1-3.el8.i686.rpm
gpgmepp-1.13.1-3.el8.x86_64.rpm,gpgmepp-1.13.1-3.el8.x86_64.rpm
grep-3.1-6.el8.x86_64.rpm,grep-3.1-6.el8.x86_64.rpm
groff-base-1.22.3-18.el8.x86_64.rpm,groff-base-1.22.3-18.el8.x86_64.rpm
grubby-8.40-41.el8.x86_64.rpm,grubby-8.40-41.el8.x86_64.rpm
gsettings-desktop-schemas-3.32.0-5.el8.x86_64.rpm,gsettings-desktop-schemas-3.32.0-5.el8.x86_64.rpm
gssproxy-0.8.0-16.el8.x86_64.rpm,gssproxy-0.8.0-16.el8.x86_64.rpm
gzip-1.9-9.el8.x86_64.rpm,gzip-1.9-9.el8.x86_64.rpm
hardlink-1.3-6.el8.x86_64.rpm,hardlink-1.3-6.el8.x86_64.rpm
hdparm-9.54-2.el8.x86_64.rpm,hdparm-9.54-2.el8.x86_64.rpm
hostname-3.20-6.el8.x86_64.rpm,hostname-3.20-6.el8.x86_64.rpm
hwdata-0.314-8.6.el8.noarch.rpm,hwdata-0.314-8.6.el8.noarch.rpm
hwloc-1.11.9-3.el8.x86_64.rpm,hwloc-1.11.9-3.el8.x86_64.rpm
hwloc-libs-1.11.9-3.el8.i686.rpm,hwloc-libs-1.11.9-3.el8.i686.rpm
hwloc-libs-1.11.9-3.el8.x86_64.rpm,hwloc-libs-1.11.9-3.el8.x86_64.rpm
ibacm-29.0-3.el8.x86_64.rpm,ibacm-29.0-3.el8.x86_64.rpm
ima-evm-utils-1.1-5.el8.i686.rpm,ima-evm-utils-1.1-5.el8.i686.rpm
ima-evm-utils-1.1-5.el8.x86_64.rpm,ima-evm-utils-1.1-5.el8.x86_64.rpm
infiniband-diags-29.0-3.el8.i686.rpm,infiniband-diags-29.0-3.el8.i686.rpm
infiniband-diags-29.0-3.el8.x86_64.rpm,infiniband-diags-29.0-3.el8.x86_64.rpm
info-6.5-6.el8.x86_64.rpm,info-6.5-6.el8.x86_64.rpm
initscripts-10.00.9-1.el8.x86_64.rpm,initscripts-10.00.9-1.el8.x86_64.rpm
integritysetup-2.3.3-2.el8.x86_64.rpm,integritysetup-2.3.3-2.el8.x86_64.rpm
intel-cmt-cat-2.0.0-3.el8.i686.rpm,intel-cmt-cat-2.0.0-3.el8.i686.rpm
intel-cmt-cat-2.0.0-3.el8.x86_64.rpm,intel-cmt-cat-2.0.0-3.el8.x86_64.rpm
iotop-0.6-16.el8.noarch.rpm,iotop-0.6-16.el8.noarch.rpm
ipcalc-0.2.4-4.el8.x86_64.rpm,ipcalc-0.2.4-4.el8.x86_64.rpm
iproute-5.3.0-5.el8.x86_64.rpm,iproute-5.3.0-5.el8.x86_64.rpm
iproute-tc-5.3.0-5.el8.x86_64.rpm,iproute-tc-5.3.0-5.el8.x86_64.rpm
iprutils-2.4.19-1.el8.x86_64.rpm,iprutils-2.4.19-1.el8.x86_64.rpm
ipset-7.1-1.el8.x86_64.rpm,ipset-7.1-1.el8.x86_64.rpm
ipset-libs-7.1-1.el8.i686.rpm,ipset-libs-7.1-1.el8.i686.rpm
ipset-libs-7.1-1.el8.x86_64.rpm,ipset-libs-7.1-1.el8.x86_64.rpm
ipset-service-7.1-1.el8.noarch.rpm,ipset-service-7.1-1.el8.noarch.rpm
iptraf-ng-1.1.4-18.el8.x86_64.rpm,iptraf-ng-1.1.4-18.el8.x86_64.rpm
iptstate-2.2.6-6.el8.x86_64.rpm,iptstate-2.2.6-6.el8.x86_64.rpm
iputils-20180629-2.el8.x86_64.rpm,iputils-20180629-2.el8.x86_64.rpm
iputils-ninfod-20180629-2.el8.x86_64.rpm,iputils-ninfod-20180629-2.el8.x86_64.rpm
irqbalance-1.4.0-4.el8.x86_64.rpm,irqbalance-1.4.0-4.el8.x86_64.rpm
iscsi-initiator-utils-6.2.0.878-5.gitd791ce0.el8.i686.rpm,iscsi-initiator-utils-6.2.0.878-5.gitd791ce0.el8.i686.rpm
iscsi-initiator-utils-6.2.0.878-5.gitd791ce0.el8.x86_64.rpm,iscsi-initiator-utils-6.2.0.878-5.gitd791ce0.el8.x86_64.rpm
iscsi-initiator-utils-iscsiuio-6.2.0.878-5.gitd791ce0.el8.x86_64.rpm,iscsi-initiator-utils-iscsiuio-6.2.0.878-5.gitd791ce0.el8.x86_64.rpm
isns-utils-0.99-1.el8.x86_64.rpm,isns-utils-0.99-1.el8.x86_64.rpm
isns-utils-devel-0.99-1.el8.i686.rpm,isns-utils-devel-0.99-1.el8.i686.rpm
isns-utils-devel-0.99-1.el8.x86_64.rpm,isns-utils-devel-0.99-1.el8.x86_64.rpm
isns-utils-libs-0.99-1.el8.i686.rpm,isns-utils-libs-0.99-1.el8.i686.rpm
isns-utils-libs-0.99-1.el8.x86_64.rpm,isns-utils-libs-0.99-1.el8.x86_64.rpm
iw-4.14-5.el8.x86_64.rpm,iw-4.14-5.el8.x86_64.rpm
iwpmd-29.0-3.el8.x86_64.rpm,iwpmd-29.0-3.el8.x86_64.rpm
jansson-2.11-3.el8.i686.rpm,jansson-2.11-3.el8.i686.rpm
jansson-2.11-3.el8.x86_64.rpm,jansson-2.11-3.el8.x86_64.rpm
jimtcl-0.77-6.el8.i686.rpm,jimtcl-0.77-6.el8.i686.rpm
jimtcl-0.77-6.el8.x86_64.rpm,jimtcl-0.77-6.el8.x86_64.rpm
json-c-0.13.1-0.2.el8.i686.rpm,json-c-0.13.1-0.2.el8.i686.rpm
json-c-0.13.1-0.2.el8.x86_64.rpm,json-c-0.13.1-0.2.el8.x86_64.rpm
json-glib-1.4.4-1.el8.i686.rpm,json-glib-1.4.4-1.el8.i686.rpm
json-glib-1.4.4-1.el8.x86_64.rpm,json-glib-1.4.4-1.el8.x86_64.rpm
kabi-dw-0-0.10.20200515gitb52ac13.el8.x86_64.rpm,kabi-dw-0-0.10.20200515gitb52ac13.el8.x86_64.rpm
kbd-2.0.4-10.el8.x86_64.rpm,kbd-2.0.4-10.el8.x86_64.rpm
kbd-legacy-2.0.4-10.el8.noarch.rpm,kbd-legacy-2.0.4-10.el8.noarch.rpm
kbd-misc-2.0.4-10.el8.noarch.rpm,kbd-misc-2.0.4-10.el8.noarch.rpm
keyutils-1.5.10-6.el8.x86_64.rpm,keyutils-1.5.10-6.el8.x86_64.rpm
keyutils-libs-1.5.10-6.el8.i686.rpm,keyutils-libs-1.5.10-6.el8.i686.rpm
keyutils-libs-1.5.10-6.el8.x86_64.rpm,keyutils-libs-1.5.10-6.el8.x86_64.rpm
keyutils-libs-devel-1.5.10-6.el8.i686.rpm,keyutils-libs-devel-1.5.10-6.el8.i686.rpm
keyutils-libs-devel-1.5.10-6.el8.x86_64.rpm,keyutils-libs-devel-1.5.10-6.el8.x86_64.rpm
kpartx-0.8.4-5.el8.x86_64.rpm,kpartx-0.8.4-5.el8.x86_64.rpm
kpatch-0.6.1-6.el8.noarch.rpm,kpatch-0.6.1-6.el8.noarch.rpm
krb5-devel-1.18.2-5.el8.i686.rpm,krb5-devel-1.18.2-5.el8.i686.rpm
krb5-devel-1.18.2-5.el8.x86_64.rpm,krb5-devel-1.18.2-5.el8.x86_64.rpm
krb5-libs-1.18.2-5.el8.i686.rpm,krb5-libs-1.18.2-5.el8.i686.rpm
krb5-libs-1.18.2-5.el8.x86_64.rpm,krb5-libs-1.18.2-5.el8.x86_64.rpm
krb5-pkinit-1.18.2-5.el8.i686.rpm,krb5-pkinit-1.18.2-5.el8.i686.rpm
krb5-pkinit-1.18.2-5.el8.x86_64.rpm,krb5-pkinit-1.18.2-5.el8.x86_64.rpm
krb5-server-1.18.2-5.el8.i686.rpm,krb5-server-1.18.2-5.el8.i686.rpm
krb5-server-1.18.2-5.el8.x86_64.rpm,krb5-server-1.18.2-5.el8.x86_64.rpm
krb5-server-ldap-1.18.2-5.el8.i686.rpm,krb5-server-ldap-1.18.2-5.el8.i686.rpm
krb5-server-ldap-1.18.2-5.el8.x86_64.rpm,krb5-server-ldap-1.18.2-5.el8.x86_64.rpm
krb5-workstation-1.18.2-5.el8.x86_64.rpm,krb5-workstation-1.18.2-5.el8.x86_64.rpm
ksc-1.6-2.el8.noarch.rpm,ksc-1.6-2.el8.noarch.rpm
ldb-tools-2.1.3-2.el8.x86_64.rpm,ldb-tools-2.1.3-2.el8.x86_64.rpm
ledmon-0.94-1.el8.x86_64.rpm,ledmon-0.94-1.el8.x86_64.rpm
less-530-1.el8.x86_64.rpm,less-530-1.el8.x86_64.rpm
libacl-2.2.53-1.el8.i686.rpm,libacl-2.2.53-1.el8.i686.rpm
libacl-2.2.53-1.el8.x86_64.rpm,libacl-2.2.53-1.el8.x86_64.rpm
libacl-devel-2.2.53-1.el8.i686.rpm,libacl-devel-2.2.53-1.el8.i686.rpm
libacl-devel-2.2.53-1.el8.x86_64.rpm,libacl-devel-2.2.53-1.el8.x86_64.rpm
libaio-0.3.112-1.el8.i686.rpm,libaio-0.3.112-1.el8.i686.rpm
libaio-0.3.112-1.el8.x86_64.rpm,libaio-0.3.112-1.el8.x86_64.rpm
libaio-devel-0.3.112-1.el8.i686.rpm,libaio-devel-0.3.112-1.el8.i686.rpm
libaio-devel-0.3.112-1.el8.x86_64.rpm,libaio-devel-0.3.112-1.el8.x86_64.rpm
libappstream-glib-0.7.14-3.el8.i686.rpm,libappstream-glib-0.7.14-3.el8.i686.rpm
libappstream-glib-0.7.14-3.el8.x86_64.rpm,libappstream-glib-0.7.14-3.el8.x86_64.rpm
libarchive-3.3.2-9.el8.i686.rpm,libarchive-3.3.2-9.el8.i686.rpm
libarchive-3.3.2-9.el8.x86_64.rpm,libarchive-3.3.2-9.el8.x86_64.rpm
libasan-8.3.1-5.1.el8.i686.rpm,libasan-8.3.1-5.1.el8.i686.rpm
libasan-8.3.1-5.1.el8.x86_64.rpm,libasan-8.3.1-5.1.el8.x86_64.rpm
libassuan-2.5.1-3.el8.i686.rpm,libassuan-2.5.1-3.el8.i686.rpm
libassuan-2.5.1-3.el8.x86_64.rpm,libassuan-2.5.1-3.el8.x86_64.rpm
libatomic-8.3.1-5.1.el8.i686.rpm,libatomic-8.3.1-5.1.el8.i686.rpm
libatomic-8.3.1-5.1.el8.x86_64.rpm,libatomic-8.3.1-5.1.el8.x86_64.rpm
libatomic-static-8.3.1-5.1.el8.i686.rpm,libatomic-static-8.3.1-5.1.el8.i686.rpm
libatomic-static-8.3.1-5.1.el8.x86_64.rpm,libatomic-static-8.3.1-5.1.el8.x86_64.rpm
libattr-2.4.48-3.el8.i686.rpm,libattr-2.4.48-3.el8.i686.rpm
libattr-2.4.48-3.el8.x86_64.rpm,libattr-2.4.48-3.el8.x86_64.rpm
libattr-devel-2.4.48-3.el8.i686.rpm,libattr-devel-2.4.48-3.el8.i686.rpm
libattr-devel-2.4.48-3.el8.x86_64.rpm,libattr-devel-2.4.48-3.el8.x86_64.rpm
libbabeltrace-1.5.4-3.el8.i686.rpm,libbabeltrace-1.5.4-3.el8.i686.rpm
libbabeltrace-1.5.4-3.el8.x86_64.rpm,libbabeltrace-1.5.4-3.el8.x86_64.rpm
libbasicobjects-0.1.1-39.el8.i686.rpm,libbasicobjects-0.1.1-39.el8.i686.rpm
libbasicobjects-0.1.1-39.el8.x86_64.rpm,libbasicobjects-0.1.1-39.el8.x86_64.rpm
libblkid-2.32.1-24.el8.i686.rpm,libblkid-2.32.1-24.el8.i686.rpm
libblkid-2.32.1-24.el8.x86_64.rpm,libblkid-2.32.1-24.el8.x86_64.rpm
libblkid-devel-2.32.1-24.el8.i686.rpm,libblkid-devel-2.32.1-24.el8.i686.rpm
libblkid-devel-2.32.1-24.el8.x86_64.rpm,libblkid-devel-2.32.1-24.el8.x86_64.rpm
libbpf-0.0.8-4.el8.i686.rpm,libbpf-0.0.8-4.el8.i686.rpm
libbpf-0.0.8-4.el8.x86_64.rpm,libbpf-0.0.8-4.el8.x86_64.rpm
libcap-2.26-4.el8.i686.rpm,libcap-2.26-4.el8.i686.rpm
libcap-2.26-4.el8.x86_64.rpm,libcap-2.26-4.el8.x86_64.rpm
libcap-devel-2.26-4.el8.i686.rpm,libcap-devel-2.26-4.el8.i686.rpm
libcap-devel-2.26-4.el8.x86_64.rpm,libcap-devel-2.26-4.el8.x86_64.rpm
libcap-ng-0.7.9-5.el8.i686.rpm,libcap-ng-0.7.9-5.el8.i686.rpm
libcap-ng-0.7.9-5.el8.x86_64.rpm,libcap-ng-0.7.9-5.el8.x86_64.rpm
libcap-ng-devel-0.7.9-5.el8.i686.rpm,libcap-ng-devel-0.7.9-5.el8.i686.rpm
libcap-ng-devel-0.7.9-5.el8.x86_64.rpm,libcap-ng-devel-0.7.9-5.el8.x86_64.rpm
libcap-ng-utils-0.7.9-5.el8.x86_64.rpm,libcap-ng-utils-0.7.9-5.el8.x86_64.rpm
libcgroup-0.41-19.el8.i686.rpm,libcgroup-0.41-19.el8.i686.rpm
libcgroup-0.41-19.el8.x86_64.rpm,libcgroup-0.41-19.el8.x86_64.rpm
libcgroup-pam-0.41-19.el8.x86_64.rpm,libcgroup-pam-0.41-19.el8.x86_64.rpm
libcgroup-tools-0.41-19.el8.x86_64.rpm,libcgroup-tools-0.41-19.el8.x86_64.rpm
libcollection-0.7.0-39.el8.i686.rpm,libcollection-0.7.0-39.el8.i686.rpm
libcollection-0.7.0-39.el8.x86_64.rpm,libcollection-0.7.0-39.el8.x86_64.rpm
libcom_err-1.45.6-1.el8.i686.rpm,libcom_err-1.45.6-1.el8.i686.rpm
libcom_err-1.45.6-1.el8.x86_64.rpm,libcom_err-1.45.6-1.el8.x86_64.rpm
libcom_err-devel-1.45.6-1.el8.i686.rpm,libcom_err-devel-1.45.6-1.el8.i686.rpm
libcom_err-devel-1.45.6-1.el8.x86_64.rpm,libcom_err-devel-1.45.6-1.el8.x86_64.rpm
libcomps-0.1.11-4.el8.i686.rpm,libcomps-0.1.11-4.el8.i686.rpm
libcomps-0.1.11-4.el8.x86_64.rpm,libcomps-0.1.11-4.el8.x86_64.rpm
libcomps-devel-0.1.11-4.el8.i686.rpm,libcomps-devel-0.1.11-4.el8.i686.rpm
libcomps-devel-0.1.11-4.el8.x86_64.rpm,libcomps-devel-0.1.11-4.el8.x86_64.rpm
libconfig-1.5-9.el8.i686.rpm,libconfig-1.5-9.el8.i686.rpm
libconfig-1.5-9.el8.x86_64.rpm,libconfig-1.5-9.el8.x86_64.rpm
libdaemon-0.14-15.el8.i686.rpm,libdaemon-0.14-15.el8.i686.rpm
libdaemon-0.14-15.el8.x86_64.rpm,libdaemon-0.14-15.el8.x86_64.rpm
libdb-5.3.28-39.el8.i686.rpm,libdb-5.3.28-39.el8.i686.rpm
libdb-5.3.28-39.el8.x86_64.rpm,libdb-5.3.28-39.el8.x86_64.rpm
libdb-utils-5.3.28-39.el8.x86_64.rpm,libdb-utils-5.3.28-39.el8.x86_64.rpm
libdhash-0.5.0-39.el8.i686.rpm,libdhash-0.5.0-39.el8.i686.rpm
libdhash-0.5.0-39.el8.x86_64.rpm,libdhash-0.5.0-39.el8.x86_64.rpm
libdmmp-0.8.4-5.el8.i686.rpm,libdmmp-0.8.4-5.el8.i686.rpm
libdmmp-0.8.4-5.el8.x86_64.rpm,libdmmp-0.8.4-5.el8.x86_64.rpm
libdnf-0.48.0-5.el8.i686.rpm,libdnf-0.48.0-5.el8.i686.rpm
libdnf-0.48.0-5.el8.x86_64.rpm,libdnf-0.48.0-5.el8.x86_64.rpm
libedit-3.1-23.20170329cvs.el8.i686.rpm,libedit-3.1-23.20170329cvs.el8.i686.rpm
libedit-3.1-23.20170329cvs.el8.x86_64.rpm,libedit-3.1-23.20170329cvs.el8.x86_64.rpm
liberation-fonts-2.00.3-7.el8.noarch.rpm,liberation-fonts-2.00.3-7.el8.noarch.rpm
liberation-fonts-common-2.00.3-7.el8.noarch.rpm,liberation-fonts-common-2.00.3-7.el8.noarch.rpm
liberation-mono-fonts-2.00.3-7.el8.noarch.rpm,liberation-mono-fonts-2.00.3-7.el8.noarch.rpm
liberation-narrow-fonts-1.07.5-2.el8.noarch.rpm,liberation-narrow-fonts-1.07.5-2.el8.noarch.rpm
liberation-sans-fonts-2.00.3-7.el8.noarch.rpm,liberation-sans-fonts-2.00.3-7.el8.noarch.rpm
liberation-serif-fonts-2.00.3-7.el8.noarch.rpm,liberation-serif-fonts-2.00.3-7.el8.noarch.rpm
libevent-2.1.8-5.el8.i686.rpm,libevent-2.1.8-5.el8.i686.rpm
libevent-2.1.8-5.el8.x86_64.rpm,libevent-2.1.8-5.el8.x86_64.rpm
libevent-doc-2.1.8-5.el8.noarch.rpm,libevent-doc-2.1.8-5.el8.noarch.rpm
libfabric-1.10.0-1.el8.i686.rpm,libfabric-1.10.0-1.el8.i686.rpm
libfabric-1.10.0-1.el8.x86_64.rpm,libfabric-1.10.0-1.el8.x86_64.rpm
libfdisk-2.32.1-24.el8.i686.rpm,libfdisk-2.32.1-24.el8.i686.rpm
libfdisk-2.32.1-24.el8.x86_64.rpm,libfdisk-2.32.1-24.el8.x86_64.rpm
libfdisk-devel-2.32.1-24.el8.i686.rpm,libfdisk-devel-2.32.1-24.el8.i686.rpm
libfdisk-devel-2.32.1-24.el8.x86_64.rpm,libfdisk-devel-2.32.1-24.el8.x86_64.rpm
libffi-3.1-22.el8.i686.rpm,libffi-3.1-22.el8.i686.rpm
libffi-3.1-22.el8.x86_64.rpm,libffi-3.1-22.el8.x86_64.rpm
libffi-devel-3.1-22.el8.i686.rpm,libffi-devel-3.1-22.el8.i686.rpm
libffi-devel-3.1-22.el8.x86_64.rpm,libffi-devel-3.1-22.el8.x86_64.rpm
libgcab1-1.1-1.el8.i686.rpm,libgcab1-1.1-1.el8.i686.rpm
libgcab1-1.1-1.el8.x86_64.rpm,libgcab1-1.1-1.el8.x86_64.rpm
libgcc-8.3.1-5.1.el8.i686.rpm,libgcc-8.3.1-5.1.el8.i686.rpm
libgcc-8.3.1-5.1.el8.x86_64.rpm,libgcc-8.3.1-5.1.el8.x86_64.rpm
libgcrypt-1.8.5-4.el8.i686.rpm,libgcrypt-1.8.5-4.el8.i686.rpm
libgcrypt-1.8.5-4.el8.x86_64.rpm,libgcrypt-1.8.5-4.el8.x86_64.rpm
libgcrypt-devel-1.8.5-4.el8.i686.rpm,libgcrypt-devel-1.8.5-4.el8.i686.rpm
libgcrypt-devel-1.8.5-4.el8.x86_64.rpm,libgcrypt-devel-1.8.5-4.el8.x86_64.rpm
libgfortran-8.3.1-5.1.el8.i686.rpm,libgfortran-8.3.1-5.1.el8.i686.rpm
libgfortran-8.3.1-5.1.el8.x86_64.rpm,libgfortran-8.3.1-5.1.el8.x86_64.rpm
libgomp-8.3.1-5.1.el8.i686.rpm,libgomp-8.3.1-5.1.el8.i686.rpm
libgomp-8.3.1-5.1.el8.x86_64.rpm,libgomp-8.3.1-5.1.el8.x86_64.rpm
libgomp-offload-nvptx-8.3.1-5.1.el8.x86_64.rpm,libgomp-offload-nvptx-8.3.1-5.1.el8.x86_64.rpm
libgpg-error-1.31-1.el8.i686.rpm,libgpg-error-1.31-1.el8.i686.rpm
libgpg-error-1.31-1.el8.x86_64.rpm,libgpg-error-1.31-1.el8.x86_64.rpm
libgpg-error-devel-1.31-1.el8.i686.rpm,libgpg-error-devel-1.31-1.el8.i686.rpm
libgpg-error-devel-1.31-1.el8.x86_64.rpm,libgpg-error-devel-1.31-1.el8.x86_64.rpm
libgudev-232-4.el8.i686.rpm,libgudev-232-4.el8.i686.rpm
libgudev-232-4.el8.x86_64.rpm,libgudev-232-4.el8.x86_64.rpm
libgusb-0.3.0-1.el8.i686.rpm,libgusb-0.3.0-1.el8.i686.rpm
libgusb-0.3.0-1.el8.x86_64.rpm,libgusb-0.3.0-1.el8.x86_64.rpm
libhbaapi-2.2.9-13.el8.i686.rpm,libhbaapi-2.2.9-13.el8.i686.rpm
libhbaapi-2.2.9-13.el8.x86_64.rpm,libhbaapi-2.2.9-13.el8.x86_64.rpm
libhbalinux-1.0.17-7.el8.i686.rpm,libhbalinux-1.0.17-7.el8.i686.rpm
libhbalinux-1.0.17-7.el8.x86_64.rpm,libhbalinux-1.0.17-7.el8.x86_64.rpm
libhbalinux-devel-1.0.17-7.el8.i686.rpm,libhbalinux-devel-1.0.17-7.el8.i686.rpm
libhbalinux-devel-1.0.17-7.el8.x86_64.rpm,libhbalinux-devel-1.0.17-7.el8.x86_64.rpm
libhugetlbfs-2.21-17.el8.x86_64.rpm,libhugetlbfs-2.21-17.el8.x86_64.rpm
libhugetlbfs-devel-2.21-17.el8.i686.rpm,libhugetlbfs-devel-2.21-17.el8.i686.rpm
libhugetlbfs-devel-2.21-17.el8.x86_64.rpm,libhugetlbfs-devel-2.21-17.el8.x86_64.rpm
libhugetlbfs-utils-2.21-17.el8.x86_64.rpm,libhugetlbfs-utils-2.21-17.el8.x86_64.rpm
libibumad-29.0-3.el8.i686.rpm,libibumad-29.0-3.el8.i686.rpm
libibumad-29.0-3.el8.x86_64.rpm,libibumad-29.0-3.el8.x86_64.rpm
libibverbs-29.0-3.el8.i686.rpm,libibverbs-29.0-3.el8.i686.rpm
libibverbs-29.0-3.el8.x86_64.rpm,libibverbs-29.0-3.el8.x86_64.rpm
libibverbs-utils-29.0-3.el8.x86_64.rpm,libibverbs-utils-29.0-3.el8.x86_64.rpm
libical-3.0.3-3.el8.i686.rpm,libical-3.0.3-3.el8.i686.rpm
libical-3.0.3-3.el8.x86_64.rpm,libical-3.0.3-3.el8.x86_64.rpm
libidn2-2.2.0-1.el8.i686.rpm,libidn2-2.2.0-1.el8.i686.rpm
libidn2-2.2.0-1.el8.x86_64.rpm,libidn2-2.2.0-1.el8.x86_64.rpm
libini_config-1.3.1-39.el8.i686.rpm,libini_config-1.3.1-39.el8.i686.rpm
libini_config-1.3.1-39.el8.x86_64.rpm,libini_config-1.3.1-39.el8.x86_64.rpm
libipa_hbac-2.3.0-9.el8.i686.rpm,libipa_hbac-2.3.0-9.el8.i686.rpm
libipa_hbac-2.3.0-9.el8.x86_64.rpm,libipa_hbac-2.3.0-9.el8.x86_64.rpm
libitm-8.3.1-5.1.el8.i686.rpm,libitm-8.3.1-5.1.el8.i686.rpm
libitm-8.3.1-5.1.el8.x86_64.rpm,libitm-8.3.1-5.1.el8.x86_64.rpm
libkadm5-1.18.2-5.el8.i686.rpm,libkadm5-1.18.2-5.el8.i686.rpm
libkadm5-1.18.2-5.el8.x86_64.rpm,libkadm5-1.18.2-5.el8.x86_64.rpm
libkcapi-1.2.0-2.el8.i686.rpm,libkcapi-1.2.0-2.el8.i686.rpm
libkcapi-1.2.0-2.el8.x86_64.rpm,libkcapi-1.2.0-2.el8.x86_64.rpm
libkcapi-hmaccalc-1.2.0-2.el8.x86_64.rpm,libkcapi-hmaccalc-1.2.0-2.el8.x86_64.rpm
libkeepalive-0.3-8.el8.x86_64.rpm,libkeepalive-0.3-8.el8.x86_64.rpm
libksba-1.3.5-7.el8.i686.rpm,libksba-1.3.5-7.el8.i686.rpm
libksba-1.3.5-7.el8.x86_64.rpm,libksba-1.3.5-7.el8.x86_64.rpm
libldb-2.1.3-2.el8.i686.rpm,libldb-2.1.3-2.el8.i686.rpm
libldb-2.1.3-2.el8.x86_64.rpm,libldb-2.1.3-2.el8.x86_64.rpm
libldb-devel-2.1.3-2.el8.i686.rpm,libldb-devel-2.1.3-2.el8.i686.rpm
libldb-devel-2.1.3-2.el8.x86_64.rpm,libldb-devel-2.1.3-2.el8.x86_64.rpm
liblsan-8.3.1-5.1.el8.x86_64.rpm,liblsan-8.3.1-5.1.el8.x86_64.rpm
libmbim-1.20.2-1.el8.i686.rpm,libmbim-1.20.2-1.el8.i686.rpm
libmbim-1.20.2-1.el8.x86_64.rpm,libmbim-1.20.2-1.el8.x86_64.rpm
libmbim-utils-1.20.2-1.el8.x86_64.rpm,libmbim-utils-1.20.2-1.el8.x86_64.rpm
libmetalink-0.1.3-7.el8.i686.rpm,libmetalink-0.1.3-7.el8.i686.rpm
libmetalink-0.1.3-7.el8.x86_64.rpm,libmetalink-0.1.3-7.el8.x86_64.rpm
libmicrohttpd-0.9.59-2.el8.i686.rpm,libmicrohttpd-0.9.59-2.el8.i686.rpm
libmicrohttpd-0.9.59-2.el8.x86_64.rpm,libmicrohttpd-0.9.59-2.el8.x86_64.rpm
libmnl-1.0.4-6.el8.i686.rpm,libmnl-1.0.4-6.el8.i686.rpm
libmnl-1.0.4-6.el8.x86_64.rpm,libmnl-1.0.4-6.el8.x86_64.rpm
libmodman-2.0.1-17.el8.i686.rpm,libmodman-2.0.1-17.el8.i686.rpm
libmodman-2.0.1-17.el8.x86_64.rpm,libmodman-2.0.1-17.el8.x86_64.rpm
libmodulemd1-1.8.16-0.2.9.4.2.i686.rpm,libmodulemd1-1.8.16-0.2.9.4.2.i686.rpm
libmodulemd1-1.8.16-0.2.9.4.2.x86_64.rpm,libmodulemd1-1.8.16-0.2.9.4.2.x86_64.rpm
libmodulemd-2.9.4-2.el8.i686.rpm,libmodulemd-2.9.4-2.el8.i686.rpm
libmodulemd-2.9.4-2.el8.x86_64.rpm,libmodulemd-2.9.4-2.el8.x86_64.rpm
libmount-2.32.1-24.el8.i686.rpm,libmount-2.32.1-24.el8.i686.rpm
libmount-2.32.1-24.el8.x86_64.rpm,libmount-2.32.1-24.el8.x86_64.rpm
libndp-1.7-3.el8.i686.rpm,libndp-1.7-3.el8.i686.rpm
libndp-1.7-3.el8.x86_64.rpm,libndp-1.7-3.el8.x86_64.rpm
libnetfilter_conntrack-1.0.6-5.el8.i686.rpm,libnetfilter_conntrack-1.0.6-5.el8.i686.rpm
libnetfilter_conntrack-1.0.6-5.el8.x86_64.rpm,libnetfilter_conntrack-1.0.6-5.el8.x86_64.rpm
libnetfilter_cthelper-1.0.0-15.el8.i686.rpm,libnetfilter_cthelper-1.0.0-15.el8.i686.rpm
libnetfilter_cthelper-1.0.0-15.el8.x86_64.rpm,libnetfilter_cthelper-1.0.0-15.el8.x86_64.rpm
libnetfilter_cttimeout-1.0.0-11.el8.i686.rpm,libnetfilter_cttimeout-1.0.0-11.el8.i686.rpm
libnetfilter_cttimeout-1.0.0-11.el8.x86_64.rpm,libnetfilter_cttimeout-1.0.0-11.el8.x86_64.rpm
libnetfilter_queue-1.0.4-3.el8.i686.rpm,libnetfilter_queue-1.0.4-3.el8.i686.rpm
libnetfilter_queue-1.0.4-3.el8.x86_64.rpm,libnetfilter_queue-1.0.4-3.el8.x86_64.rpm
libnfnetlink-1.0.1-13.el8.i686.rpm,libnfnetlink-1.0.1-13.el8.i686.rpm
libnfnetlink-1.0.1-13.el8.x86_64.rpm,libnfnetlink-1.0.1-13.el8.x86_64.rpm
libnfsidmap-2.3.3-35.el8.i686.rpm,libnfsidmap-2.3.3-35.el8.i686.rpm
libnfsidmap-2.3.3-35.el8.x86_64.rpm,libnfsidmap-2.3.3-35.el8.x86_64.rpm
libnftnl-1.1.5-4.el8.i686.rpm,libnftnl-1.1.5-4.el8.i686.rpm
libnftnl-1.1.5-4.el8.x86_64.rpm,libnftnl-1.1.5-4.el8.x86_64.rpm
libnl3-3.5.0-1.el8.i686.rpm,libnl3-3.5.0-1.el8.i686.rpm
libnl3-3.5.0-1.el8.x86_64.rpm,libnl3-3.5.0-1.el8.x86_64.rpm
libnl3-cli-3.5.0-1.el8.i686.rpm,libnl3-cli-3.5.0-1.el8.i686.rpm
libnl3-cli-3.5.0-1.el8.x86_64.rpm,libnl3-cli-3.5.0-1.el8.x86_64.rpm
libnl3-devel-3.5.0-1.el8.i686.rpm,libnl3-devel-3.5.0-1.el8.i686.rpm
libnl3-devel-3.5.0-1.el8.x86_64.rpm,libnl3-devel-3.5.0-1.el8.x86_64.rpm
libnl3-doc-3.5.0-1.el8.x86_64.rpm,libnl3-doc-3.5.0-1.el8.x86_64.rpm
libnsl2-1.2.0-2.20180605git4a062cf.el8.i686.rpm,libnsl2-1.2.0-2.20180605git4a062cf.el8.i686.rpm
libnsl2-1.2.0-2.20180605git4a062cf.el8.x86_64.rpm,libnsl2-1.2.0-2.20180605git4a062cf.el8.x86_64.rpm
libpath_utils-0.2.1-39.el8.i686.rpm,libpath_utils-0.2.1-39.el8.i686.rpm
libpath_utils-0.2.1-39.el8.x86_64.rpm,libpath_utils-0.2.1-39.el8.x86_64.rpm
libpcap-1.9.1-4.el8.i686.rpm,libpcap-1.9.1-4.el8.i686.rpm
libpcap-1.9.1-4.el8.x86_64.rpm,libpcap-1.9.1-4.el8.x86_64.rpm
libpciaccess-0.14-1.el8.i686.rpm,libpciaccess-0.14-1.el8.i686.rpm
libpciaccess-0.14-1.el8.x86_64.rpm,libpciaccess-0.14-1.el8.x86_64.rpm
libpeas-1.22.0-6.el8.i686.rpm,libpeas-1.22.0-6.el8.i686.rpm
libpeas-1.22.0-6.el8.x86_64.rpm,libpeas-1.22.0-6.el8.x86_64.rpm
libpipeline-1.5.0-2.el8.i686.rpm,libpipeline-1.5.0-2.el8.i686.rpm
libpipeline-1.5.0-2.el8.x86_64.rpm,libpipeline-1.5.0-2.el8.x86_64.rpm
libpkgconf-1.4.2-1.el8.i686.rpm,libpkgconf-1.4.2-1.el8.i686.rpm
libpkgconf-1.4.2-1.el8.x86_64.rpm,libpkgconf-1.4.2-1.el8.x86_64.rpm
libpng-1.6.34-5.el8.i686.rpm,libpng-1.6.34-5.el8.i686.rpm
libpng-1.6.34-5.el8.x86_64.rpm,libpng-1.6.34-5.el8.x86_64.rpm
libpng-devel-1.6.34-5.el8.i686.rpm,libpng-devel-1.6.34-5.el8.i686.rpm
libpng-devel-1.6.34-5.el8.x86_64.rpm,libpng-devel-1.6.34-5.el8.x86_64.rpm
libproxy-0.4.15-5.2.el8.i686.rpm,libproxy-0.4.15-5.2.el8.i686.rpm
libproxy-0.4.15-5.2.el8.x86_64.rpm,libproxy-0.4.15-5.2.el8.x86_64.rpm
libpsl-0.20.2-6.el8.i686.rpm,libpsl-0.20.2-6.el8.i686.rpm
libpsl-0.20.2-6.el8.x86_64.rpm,libpsl-0.20.2-6.el8.x86_64.rpm
libpsm2-11.2.91-1.el8.x86_64.rpm,libpsm2-11.2.91-1.el8.x86_64.rpm
libpsm2-compat-11.2.91-1.el8.x86_64.rpm,libpsm2-compat-11.2.91-1.el8.x86_64.rpm
libpwquality-1.4.0-9.el8.i686.rpm,libpwquality-1.4.0-9.el8.i686.rpm
libpwquality-1.4.0-9.el8.x86_64.rpm,libpwquality-1.4.0-9.el8.x86_64.rpm
libqb-1.0.3-12.el8.i686.rpm,libqb-1.0.3-12.el8.i686.rpm
libqb-1.0.3-12.el8.x86_64.rpm,libqb-1.0.3-12.el8.x86_64.rpm
libqb-devel-1.0.3-12.el8.i686.rpm,libqb-devel-1.0.3-12.el8.i686.rpm
libqb-devel-1.0.3-12.el8.x86_64.rpm,libqb-devel-1.0.3-12.el8.x86_64.rpm
libqmi-1.24.0-1.el8.i686.rpm,libqmi-1.24.0-1.el8.i686.rpm
libqmi-1.24.0-1.el8.x86_64.rpm,libqmi-1.24.0-1.el8.x86_64.rpm
libqmi-utils-1.24.0-1.el8.x86_64.rpm,libqmi-utils-1.24.0-1.el8.x86_64.rpm
libquadmath-8.3.1-5.1.el8.i686.rpm,libquadmath-8.3.1-5.1.el8.i686.rpm
libquadmath-8.3.1-5.1.el8.x86_64.rpm,libquadmath-8.3.1-5.1.el8.x86_64.rpm
librabbitmq-0.9.0-2.el8.i686.rpm,librabbitmq-0.9.0-2.el8.i686.rpm
librabbitmq-0.9.0-2.el8.x86_64.rpm,librabbitmq-0.9.0-2.el8.x86_64.rpm
librdmacm-29.0-3.el8.i686.rpm,librdmacm-29.0-3.el8.i686.rpm
librdmacm-29.0-3.el8.x86_64.rpm,librdmacm-29.0-3.el8.x86_64.rpm
librdmacm-utils-29.0-3.el8.x86_64.rpm,librdmacm-utils-29.0-3.el8.x86_64.rpm
libref_array-0.1.5-39.el8.i686.rpm,libref_array-0.1.5-39.el8.i686.rpm
libref_array-0.1.5-39.el8.x86_64.rpm,libref_array-0.1.5-39.el8.x86_64.rpm
librepo-1.12.0-2.el8.i686.rpm,librepo-1.12.0-2.el8.i686.rpm
librepo-1.12.0-2.el8.x86_64.rpm,librepo-1.12.0-2.el8.x86_64.rpm
librhsm-0.0.3-3.el8.i686.rpm,librhsm-0.0.3-3.el8.i686.rpm
librhsm-0.0.3-3.el8.x86_64.rpm,librhsm-0.0.3-3.el8.x86_64.rpm
libseccomp-2.4.3-1.el8.i686.rpm,libseccomp-2.4.3-1.el8.i686.rpm
libseccomp-2.4.3-1.el8.x86_64.rpm,libseccomp-2.4.3-1.el8.x86_64.rpm
libsecret-0.18.6-1.el8.i686.rpm,libsecret-0.18.6-1.el8.i686.rpm
libsecret-0.18.6-1.el8.x86_64.rpm,libsecret-0.18.6-1.el8.x86_64.rpm
libsecret-devel-0.18.6-1.el8.i686.rpm,libsecret-devel-0.18.6-1.el8.i686.rpm
libsecret-devel-0.18.6-1.el8.x86_64.rpm,libsecret-devel-0.18.6-1.el8.x86_64.rpm
libsemanage-2.9-3.el8.i686.rpm,libsemanage-2.9-3.el8.i686.rpm
libsemanage-2.9-3.el8.x86_64.rpm,libsemanage-2.9-3.el8.x86_64.rpm
libsepol-2.9-1.el8.i686.rpm,libsepol-2.9-1.el8.i686.rpm
libsepol-2.9-1.el8.x86_64.rpm,libsepol-2.9-1.el8.x86_64.rpm
libsepol-devel-2.9-1.el8.i686.rpm,libsepol-devel-2.9-1.el8.i686.rpm
libsepol-devel-2.9-1.el8.x86_64.rpm,libsepol-devel-2.9-1.el8.x86_64.rpm
libsigsegv-2.11-5.el8.i686.rpm,libsigsegv-2.11-5.el8.i686.rpm
libsigsegv-2.11-5.el8.x86_64.rpm,libsigsegv-2.11-5.el8.x86_64.rpm
libsmartcols-2.32.1-24.el8.i686.rpm,libsmartcols-2.32.1-24.el8.i686.rpm
libsmartcols-2.32.1-24.el8.x86_64.rpm,libsmartcols-2.32.1-24.el8.x86_64.rpm
libsmartcols-devel-2.32.1-24.el8.i686.rpm,libsmartcols-devel-2.32.1-24.el8.i686.rpm
libsmartcols-devel-2.32.1-24.el8.x86_64.rpm,libsmartcols-devel-2.32.1-24.el8.x86_64.rpm
libsmbios-2.4.1-2.el8.i686.rpm,libsmbios-2.4.1-2.el8.i686.rpm
libsmbios-2.4.1-2.el8.x86_64.rpm,libsmbios-2.4.1-2.el8.x86_64.rpm
libsolv-0.7.11-1.el8.i686.rpm,libsolv-0.7.11-1.el8.i686.rpm
libsolv-0.7.11-1.el8.x86_64.rpm,libsolv-0.7.11-1.el8.x86_64.rpm
libsoup-2.62.3-2.el8.i686.rpm,libsoup-2.62.3-2.el8.i686.rpm
libsoup-2.62.3-2.el8.x86_64.rpm,libsoup-2.62.3-2.el8.x86_64.rpm
libss-1.45.6-1.el8.i686.rpm,libss-1.45.6-1.el8.i686.rpm
libss-1.45.6-1.el8.x86_64.rpm,libss-1.45.6-1.el8.x86_64.rpm
libssh-0.9.4-2.el8.i686.rpm,libssh-0.9.4-2.el8.i686.rpm
libssh-0.9.4-2.el8.x86_64.rpm,libssh-0.9.4-2.el8.x86_64.rpm
libssh-config-0.9.4-2.el8.noarch.rpm,libssh-config-0.9.4-2.el8.noarch.rpm
libsss_autofs-2.3.0-9.el8.x86_64.rpm,libsss_autofs-2.3.0-9.el8.x86_64.rpm
libsss_certmap-2.3.0-9.el8.i686.rpm,libsss_certmap-2.3.0-9.el8.i686.rpm
libsss_certmap-2.3.0-9.el8.x86_64.rpm,libsss_certmap-2.3.0-9.el8.x86_64.rpm
libsss_idmap-2.3.0-9.el8.i686.rpm,libsss_idmap-2.3.0-9.el8.i686.rpm
libsss_idmap-2.3.0-9.el8.x86_64.rpm,libsss_idmap-2.3.0-9.el8.x86_64.rpm
libsss_nss_idmap-2.3.0-9.el8.i686.rpm,libsss_nss_idmap-2.3.0-9.el8.i686.rpm
libsss_nss_idmap-2.3.0-9.el8.x86_64.rpm,libsss_nss_idmap-2.3.0-9.el8.x86_64.rpm
libsss_simpleifp-2.3.0-9.el8.i686.rpm,libsss_simpleifp-2.3.0-9.el8.i686.rpm
libsss_simpleifp-2.3.0-9.el8.x86_64.rpm,libsss_simpleifp-2.3.0-9.el8.x86_64.rpm
libsss_sudo-2.3.0-9.el8.x86_64.rpm,libsss_sudo-2.3.0-9.el8.x86_64.rpm
libstdc++-8.3.1-5.1.el8.i686.rpm,libstdc++-8.3.1-5.1.el8.i686.rpm
libstdc++-8.3.1-5.1.el8.x86_64.rpm,libstdc++-8.3.1-5.1.el8.x86_64.rpm
libstemmer-0-10.585svn.el8.i686.rpm,libstemmer-0-10.585svn.el8.i686.rpm
libstemmer-0-10.585svn.el8.x86_64.rpm,libstemmer-0-10.585svn.el8.x86_64.rpm
libstoragemgmt-1.8.3-2.el8.i686.rpm,libstoragemgmt-1.8.3-2.el8.i686.rpm
libstoragemgmt-1.8.3-2.el8.x86_64.rpm,libstoragemgmt-1.8.3-2.el8.x86_64.rpm
libstoragemgmt-arcconf-plugin-1.8.3-2.el8.noarch.rpm,libstoragemgmt-arcconf-plugin-1.8.3-2.el8.noarch.rpm
libstoragemgmt-hpsa-plugin-1.8.3-2.el8.noarch.rpm,libstoragemgmt-hpsa-plugin-1.8.3-2.el8.noarch.rpm
libstoragemgmt-local-plugin-1.8.3-2.el8.noarch.rpm,libstoragemgmt-local-plugin-1.8.3-2.el8.noarch.rpm
libstoragemgmt-megaraid-plugin-1.8.3-2.el8.noarch.rpm,libstoragemgmt-megaraid-plugin-1.8.3-2.el8.noarch.rpm
libstoragemgmt-nfs-plugin-1.8.3-2.el8.noarch.rpm,libstoragemgmt-nfs-plugin-1.8.3-2.el8.noarch.rpm
libstoragemgmt-nfs-plugin-clibs-1.8.3-2.el8.x86_64.rpm,libstoragemgmt-nfs-plugin-clibs-1.8.3-2.el8.x86_64.rpm
libstoragemgmt-nstor-plugin-1.8.3-2.el8.noarch.rpm,libstoragemgmt-nstor-plugin-1.8.3-2.el8.noarch.rpm
libstoragemgmt-smis-plugin-1.8.3-2.el8.noarch.rpm,libstoragemgmt-smis-plugin-1.8.3-2.el8.noarch.rpm
libstoragemgmt-udev-1.8.3-2.el8.x86_64.rpm,libstoragemgmt-udev-1.8.3-2.el8.x86_64.rpm
libsysfs-2.1.0-24.el8.i686.rpm,libsysfs-2.1.0-24.el8.i686.rpm
libsysfs-2.1.0-24.el8.x86_64.rpm,libsysfs-2.1.0-24.el8.x86_64.rpm
libtalloc-2.3.1-2.el8.i686.rpm,libtalloc-2.3.1-2.el8.i686.rpm
libtalloc-2.3.1-2.el8.x86_64.rpm,libtalloc-2.3.1-2.el8.x86_64.rpm
libtalloc-devel-2.3.1-2.el8.i686.rpm,libtalloc-devel-2.3.1-2.el8.i686.rpm
libtalloc-devel-2.3.1-2.el8.x86_64.rpm,libtalloc-devel-2.3.1-2.el8.x86_64.rpm
libtasn1-4.13-3.el8.i686.rpm,libtasn1-4.13-3.el8.i686.rpm
libtasn1-4.13-3.el8.x86_64.rpm,libtasn1-4.13-3.el8.x86_64.rpm
libtdb-1.4.3-1.el8.i686.rpm,libtdb-1.4.3-1.el8.i686.rpm
libtdb-1.4.3-1.el8.x86_64.rpm,libtdb-1.4.3-1.el8.x86_64.rpm
libtdb-devel-1.4.3-1.el8.i686.rpm,libtdb-devel-1.4.3-1.el8.i686.rpm
libtdb-devel-1.4.3-1.el8.x86_64.rpm,libtdb-devel-1.4.3-1.el8.x86_64.rpm
libteam-1.31-2.el8.i686.rpm,libteam-1.31-2.el8.i686.rpm
libteam-1.31-2.el8.x86_64.rpm,libteam-1.31-2.el8.x86_64.rpm
libteam-doc-1.31-2.el8.x86_64.rpm,libteam-doc-1.31-2.el8.x86_64.rpm
libtevent-0.10.2-2.el8.i686.rpm,libtevent-0.10.2-2.el8.i686.rpm
libtevent-0.10.2-2.el8.x86_64.rpm,libtevent-0.10.2-2.el8.x86_64.rpm
libtevent-devel-0.10.2-2.el8.i686.rpm,libtevent-devel-0.10.2-2.el8.i686.rpm
libtevent-devel-0.10.2-2.el8.x86_64.rpm,libtevent-devel-0.10.2-2.el8.x86_64.rpm
libtirpc-1.1.4-4.el8.i686.rpm,libtirpc-1.1.4-4.el8.i686.rpm
libtirpc-1.1.4-4.el8.x86_64.rpm,libtirpc-1.1.4-4.el8.x86_64.rpm
libtirpc-devel-1.1.4-4.el8.i686.rpm,libtirpc-devel-1.1.4-4.el8.i686.rpm
libtirpc-devel-1.1.4-4.el8.x86_64.rpm,libtirpc-devel-1.1.4-4.el8.x86_64.rpm
libtool-ltdl-2.4.6-25.el8.i686.rpm,libtool-ltdl-2.4.6-25.el8.i686.rpm
libtool-ltdl-2.4.6-25.el8.x86_64.rpm,libtool-ltdl-2.4.6-25.el8.x86_64.rpm
libtsan-8.3.1-5.1.el8.x86_64.rpm,libtsan-8.3.1-5.1.el8.x86_64.rpm
libubsan-8.3.1-5.1.el8.i686.rpm,libubsan-8.3.1-5.1.el8.i686.rpm
libubsan-8.3.1-5.1.el8.x86_64.rpm,libubsan-8.3.1-5.1.el8.x86_64.rpm
libunistring-0.9.9-3.el8.i686.rpm,libunistring-0.9.9-3.el8.i686.rpm
libunistring-0.9.9-3.el8.x86_64.rpm,libunistring-0.9.9-3.el8.x86_64.rpm
libusb-0.1.5-12.el8.i686.rpm,libusb-0.1.5-12.el8.i686.rpm
libusb-0.1.5-12.el8.x86_64.rpm,libusb-0.1.5-12.el8.x86_64.rpm
libusbx-1.0.23-4.el8.i686.rpm,libusbx-1.0.23-4.el8.i686.rpm
libusbx-1.0.23-4.el8.x86_64.rpm,libusbx-1.0.23-4.el8.x86_64.rpm
libusbx-devel-1.0.23-4.el8.i686.rpm,libusbx-devel-1.0.23-4.el8.i686.rpm
libusbx-devel-1.0.23-4.el8.x86_64.rpm,libusbx-devel-1.0.23-4.el8.x86_64.rpm
libusbx-devel-doc-1.0.23-4.el8.noarch.rpm,libusbx-devel-doc-1.0.23-4.el8.noarch.rpm
libuser-0.62-23.el8.i686.rpm,libuser-0.62-23.el8.i686.rpm
libuser-0.62-23.el8.x86_64.rpm,libuser-0.62-23.el8.x86_64.rpm
libutempter-1.1.6-14.el8.i686.rpm,libutempter-1.1.6-14.el8.i686.rpm
libutempter-1.1.6-14.el8.x86_64.rpm,libutempter-1.1.6-14.el8.x86_64.rpm
libuuid-2.32.1-24.el8.i686.rpm,libuuid-2.32.1-24.el8.i686.rpm
libuuid-2.32.1-24.el8.x86_64.rpm,libuuid-2.32.1-24.el8.x86_64.rpm
libuuid-devel-2.32.1-24.el8.i686.rpm,libuuid-devel-2.32.1-24.el8.i686.rpm
libuuid-devel-2.32.1-24.el8.x86_64.rpm,libuuid-devel-2.32.1-24.el8.x86_64.rpm
libvarlink-18-3.el8.i686.rpm,libvarlink-18-3.el8.i686.rpm
libvarlink-18-3.el8.x86_64.rpm,libvarlink-18-3.el8.x86_64.rpm
libvarlink-util-18-3.el8.x86_64.rpm,libvarlink-util-18-3.el8.x86_64.rpm
libverto-0.3.0-5.el8.i686.rpm,libverto-0.3.0-5.el8.i686.rpm
libverto-0.3.0-5.el8.x86_64.rpm,libverto-0.3.0-5.el8.x86_64.rpm
libverto-devel-0.3.0-5.el8.i686.rpm,libverto-devel-0.3.0-5.el8.i686.rpm
libverto-devel-0.3.0-5.el8.x86_64.rpm,libverto-devel-0.3.0-5.el8.x86_64.rpm
libverto-libevent-0.3.0-5.el8.i686.rpm,libverto-libevent-0.3.0-5.el8.i686.rpm
libverto-libevent-0.3.0-5.el8.x86_64.rpm,libverto-libevent-0.3.0-5.el8.x86_64.rpm
libxcrypt-4.1.1-4.el8.i686.rpm,libxcrypt-4.1.1-4.el8.i686.rpm
libxcrypt-4.1.1-4.el8.x86_64.rpm,libxcrypt-4.1.1-4.el8.x86_64.rpm
libxcrypt-devel-4.1.1-4.el8.i686.rpm,libxcrypt-devel-4.1.1-4.el8.i686.rpm
libxcrypt-devel-4.1.1-4.el8.x86_64.rpm,libxcrypt-devel-4.1.1-4.el8.x86_64.rpm
libxml2-2.9.7-8.el8.i686.rpm,libxml2-2.9.7-8.el8.i686.rpm
libxml2-2.9.7-8.el8.x86_64.rpm,libxml2-2.9.7-8.el8.x86_64.rpm
libxmlb-0.1.15-1.el8.i686.rpm,libxmlb-0.1.15-1.el8.i686.rpm
libxmlb-0.1.15-1.el8.x86_64.rpm,libxmlb-0.1.15-1.el8.x86_64.rpm
libxslt-1.1.32-5.el8.i686.rpm,libxslt-1.1.32-5.el8.i686.rpm
libxslt-1.1.32-5.el8.x86_64.rpm,libxslt-1.1.32-5.el8.x86_64.rpm
libyaml-0.1.7-5.el8.i686.rpm,libyaml-0.1.7-5.el8.i686.rpm
libyaml-0.1.7-5.el8.x86_64.rpm,libyaml-0.1.7-5.el8.x86_64.rpm
libzstd-1.4.4-1.el8.i686.rpm,libzstd-1.4.4-1.el8.i686.rpm
libzstd-1.4.4-1.el8.x86_64.rpm,libzstd-1.4.4-1.el8.x86_64.rpm
libzstd-devel-1.4.4-1.el8.i686.rpm,libzstd-devel-1.4.4-1.el8.i686.rpm
libzstd-devel-1.4.4-1.el8.x86_64.rpm,libzstd-devel-1.4.4-1.el8.x86_64.rpm
lksctp-tools-1.0.18-3.el8.i686.rpm,lksctp-tools-1.0.18-3.el8.i686.rpm
lksctp-tools-1.0.18-3.el8.x86_64.rpm,lksctp-tools-1.0.18-3.el8.x86_64.rpm
lksctp-tools-devel-1.0.18-3.el8.i686.rpm,lksctp-tools-devel-1.0.18-3.el8.i686.rpm
lksctp-tools-devel-1.0.18-3.el8.x86_64.rpm,lksctp-tools-devel-1.0.18-3.el8.x86_64.rpm
lksctp-tools-doc-1.0.18-3.el8.x86_64.rpm,lksctp-tools-doc-1.0.18-3.el8.x86_64.rpm
lldpad-1.0.1-13.git036e314.el8.i686.rpm,lldpad-1.0.1-13.git036e314.el8.i686.rpm
lldpad-1.0.1-13.git036e314.el8.x86_64.rpm,lldpad-1.0.1-13.git036e314.el8.x86_64.rpm
lm_sensors-3.4.0-21.20180522git70f7e08.el8.x86_64.rpm,lm_sensors-3.4.0-21.20180522git70f7e08.el8.x86_64.rpm
lm_sensors-devel-3.4.0-21.20180522git70f7e08.el8.i686.rpm,lm_sensors-devel-3.4.0-21.20180522git70f7e08.el8.i686.rpm
lm_sensors-devel-3.4.0-21.20180522git70f7e08.el8.x86_64.rpm,lm_sensors-devel-3.4.0-21.20180522git70f7e08.el8.x86_64.rpm
lm_sensors-libs-3.4.0-21.20180522git70f7e08.el8.i686.rpm,lm_sensors-libs-3.4.0-21.20180522git70f7e08.el8.i686.rpm
lm_sensors-libs-3.4.0-21.20180522git70f7e08.el8.x86_64.rpm,lm_sensors-libs-3.4.0-21.20180522git70f7e08.el8.x86_64.rpm
lockdev-1.0.4-0.28.20111007git.el8.i686.rpm,lockdev-1.0.4-0.28.20111007git.el8.i686.rpm
lockdev-1.0.4-0.28.20111007git.el8.x86_64.rpm,lockdev-1.0.4-0.28.20111007git.el8.x86_64.rpm
logrotate-3.14.0-4.el8.x86_64.rpm,logrotate-3.14.0-4.el8.x86_64.rpm
logwatch-7.4.3-9.el8.noarch.rpm,logwatch-7.4.3-9.el8.noarch.rpm
lrzsz-0.12.20-43.el8.x86_64.rpm,lrzsz-0.12.20-43.el8.x86_64.rpm
lshw-B.02.19.2-2.el8.x86_64.rpm,lshw-B.02.19.2-2.el8.x86_64.rpm
lsof-4.93.2-1.el8.x86_64.rpm,lsof-4.93.2-1.el8.x86_64.rpm
lsscsi-0.30-1.el8.x86_64.rpm,lsscsi-0.30-1.el8.x86_64.rpm
lua-libs-5.3.4-11.el8.i686.rpm,lua-libs-5.3.4-11.el8.i686.rpm
lua-libs-5.3.4-11.el8.x86_64.rpm,lua-libs-5.3.4-11.el8.x86_64.rpm
lz4-1.8.3-2.el8.x86_64.rpm,lz4-1.8.3-2.el8.x86_64.rpm
lz4-devel-1.8.3-2.el8.i686.rpm,lz4-devel-1.8.3-2.el8.i686.rpm
lz4-devel-1.8.3-2.el8.x86_64.rpm,lz4-devel-1.8.3-2.el8.x86_64.rpm
lz4-libs-1.8.3-2.el8.i686.rpm,lz4-libs-1.8.3-2.el8.i686.rpm
lz4-libs-1.8.3-2.el8.x86_64.rpm,lz4-libs-1.8.3-2.el8.x86_64.rpm
lzo-2.08-14.el8.i686.rpm,lzo-2.08-14.el8.i686.rpm
lzo-2.08-14.el8.x86_64.rpm,lzo-2.08-14.el8.x86_64.rpm
lzo-devel-2.08-14.el8.i686.rpm,lzo-devel-2.08-14.el8.i686.rpm
lzo-devel-2.08-14.el8.x86_64.rpm,lzo-devel-2.08-14.el8.x86_64.rpm
lzo-minilzo-2.08-14.el8.i686.rpm,lzo-minilzo-2.08-14.el8.i686.rpm
lzo-minilzo-2.08-14.el8.x86_64.rpm,lzo-minilzo-2.08-14.el8.x86_64.rpm
lzop-1.03-20.el8.x86_64.rpm,lzop-1.03-20.el8.x86_64.rpm
m4-1.4.18-7.el8.x86_64.rpm,m4-1.4.18-7.el8.x86_64.rpm
mailcap-2.1.48-3.el8.noarch.rpm,mailcap-2.1.48-3.el8.noarch.rpm
mailx-12.5-29.el8.x86_64.rpm,mailx-12.5-29.el8.x86_64.rpm
make-4.2.1-10.el8.x86_64.rpm,make-4.2.1-10.el8.x86_64.rpm
make-devel-4.2.1-10.el8.i686.rpm,make-devel-4.2.1-10.el8.i686.rpm
make-devel-4.2.1-10.el8.x86_64.rpm,make-devel-4.2.1-10.el8.x86_64.rpm
man-db-2.7.6.1-17.el8.x86_64.rpm,man-db-2.7.6.1-17.el8.x86_64.rpm
man-db-cron-2.7.6.1-17.el8.noarch.rpm,man-db-cron-2.7.6.1-17.el8.noarch.rpm
man-pages-4.15-6.el8.x86_64.rpm,man-pages-4.15-6.el8.x86_64.rpm
mcelog-166-0.el8.x86_64.rpm,mcelog-166-0.el8.x86_64.rpm
mcstrans-2.9-2.el8.x86_64.rpm,mcstrans-2.9-2.el8.x86_64.rpm
mdadm-4.1-14.el8.x86_64.rpm,mdadm-4.1-14.el8.x86_64.rpm
memtest86+-5.01-19.el8.x86_64.rpm,memtest86+-5.01-19.el8.x86_64.rpm
microdnf-3.4.0-1.el8.x86_64.rpm,microdnf-3.4.0-1.el8.x86_64.rpm
minicom-2.7.1-9.el8.x86_64.rpm,minicom-2.7.1-9.el8.x86_64.rpm
mksh-56c-5.el8.x86_64.rpm,mksh-56c-5.el8.x86_64.rpm
mlocate-0.26-20.el8.x86_64.rpm,mlocate-0.26-20.el8.x86_64.rpm
mobile-broadband-provider-info-20190618-2.el8.noarch.rpm,mobile-broadband-provider-info-20190618-2.el8.noarch.rpm
ModemManager-1.10.8-2.el8.x86_64.rpm,ModemManager-1.10.8-2.el8.x86_64.rpm
ModemManager-glib-1.10.8-2.el8.i686.rpm,ModemManager-glib-1.10.8-2.el8.i686.rpm
ModemManager-glib-1.10.8-2.el8.x86_64.rpm,ModemManager-glib-1.10.8-2.el8.x86_64.rpm
mokutil-0.3.0-10.el8.x86_64.rpm,mokutil-0.3.0-10.el8.x86_64.rpm
mozjs52-52.9.0-2.el8.i686.rpm,mozjs52-52.9.0-2.el8.i686.rpm
mozjs52-52.9.0-2.el8.x86_64.rpm,mozjs52-52.9.0-2.el8.x86_64.rpm
mozjs60-60.9.0-4.el8.i686.rpm,mozjs60-60.9.0-4.el8.i686.rpm
mozjs60-60.9.0-4.el8.x86_64.rpm,mozjs60-60.9.0-4.el8.x86_64.rpm
mpfr-3.1.6-1.el8.i686.rpm,mpfr-3.1.6-1.el8.i686.rpm
mpfr-3.1.6-1.el8.x86_64.rpm,mpfr-3.1.6-1.el8.x86_64.rpm
mtools-4.0.18-14.el8.x86_64.rpm,mtools-4.0.18-14.el8.x86_64.rpm
mtr-0.92-3.el8.x86_64.rpm,mtr-0.92-3.el8.x86_64.rpm
nano-2.9.8-1.el8.x86_64.rpm,nano-2.9.8-1.el8.x86_64.rpm
ncurses-6.1-7.20180224.el8.x86_64.rpm,ncurses-6.1-7.20180224.el8.x86_64.rpm
ncurses-base-6.1-7.20180224.el8.noarch.rpm,ncurses-base-6.1-7.20180224.el8.noarch.rpm
ncurses-c++-libs-6.1-7.20180224.el8.i686.rpm,ncurses-c++-libs-6.1-7.20180224.el8.i686.rpm
ncurses-c++-libs-6.1-7.20180224.el8.x86_64.rpm,ncurses-c++-libs-6.1-7.20180224.el8.x86_64.rpm
ncurses-compat-libs-6.1-7.20180224.el8.i686.rpm,ncurses-compat-libs-6.1-7.20180224.el8.i686.rpm
ncurses-compat-libs-6.1-7.20180224.el8.x86_64.rpm,ncurses-compat-libs-6.1-7.20180224.el8.x86_64.rpm
ncurses-devel-6.1-7.20180224.el8.i686.rpm,ncurses-devel-6.1-7.20180224.el8.i686.rpm
ncurses-devel-6.1-7.20180224.el8.x86_64.rpm,ncurses-devel-6.1-7.20180224.el8.x86_64.rpm
ncurses-libs-6.1-7.20180224.el8.i686.rpm,ncurses-libs-6.1-7.20180224.el8.i686.rpm
ncurses-libs-6.1-7.20180224.el8.x86_64.rpm,ncurses-libs-6.1-7.20180224.el8.x86_64.rpm
ncurses-term-6.1-7.20180224.el8.noarch.rpm,ncurses-term-6.1-7.20180224.el8.noarch.rpm
ndctl-67-2.el8.x86_64.rpm,ndctl-67-2.el8.x86_64.rpm
ndctl-libs-67-2.el8.i686.rpm,ndctl-libs-67-2.el8.i686.rpm
ndctl-libs-67-2.el8.x86_64.rpm,ndctl-libs-67-2.el8.x86_64.rpm
netconsole-service-10.00.9-1.el8.noarch.rpm,netconsole-service-10.00.9-1.el8.noarch.rpm
netlabel_tools-0.30.0-3.el8.x86_64.rpm,netlabel_tools-0.30.0-3.el8.x86_64.rpm
nettle-3.4.1-2.el8.i686.rpm,nettle-3.4.1-2.el8.i686.rpm
nettle-3.4.1-2.el8.x86_64.rpm,nettle-3.4.1-2.el8.x86_64.rpm
net-tools-2.0-0.52.20160912git.el8.x86_64.rpm,net-tools-2.0-0.52.20160912git.el8.x86_64.rpm
network-scripts-10.00.9-1.el8.x86_64.rpm,network-scripts-10.00.9-1.el8.x86_64.rpm
network-scripts-team-1.31-2.el8.x86_64.rpm,network-scripts-team-1.31-2.el8.x86_64.rpm
newt-0.52.20-11.el8.i686.rpm,newt-0.52.20-11.el8.i686.rpm
newt-0.52.20-11.el8.x86_64.rpm,newt-0.52.20-11.el8.x86_64.rpm
nfs4-acl-tools-0.3.5-3.el8.x86_64.rpm,nfs4-acl-tools-0.3.5-3.el8.x86_64.rpm
nfs-utils-2.3.3-35.el8.x86_64.rpm,nfs-utils-2.3.3-35.el8.x86_64.rpm
nftables-0.9.3-16.el8.i686.rpm,nftables-0.9.3-16.el8.i686.rpm
nftables-0.9.3-16.el8.x86_64.rpm,nftables-0.9.3-16.el8.x86_64.rpm
npth-1.5-4.el8.i686.rpm,npth-1.5-4.el8.i686.rpm
npth-1.5-4.el8.x86_64.rpm,npth-1.5-4.el8.x86_64.rpm
nss_nis-3.0-8.el8.i686.rpm,nss_nis-3.0-8.el8.i686.rpm
nss_nis-3.0-8.el8.x86_64.rpm,nss_nis-3.0-8.el8.x86_64.rpm
ntsysv-1.13-2.el8.x86_64.rpm,ntsysv-1.13-2.el8.x86_64.rpm
numactl-2.0.12-11.el8.x86_64.rpm,numactl-2.0.12-11.el8.x86_64.rpm
numactl-devel-2.0.12-11.el8.i686.rpm,numactl-devel-2.0.12-11.el8.i686.rpm
numactl-devel-2.0.12-11.el8.x86_64.rpm,numactl-devel-2.0.12-11.el8.x86_64.rpm
numactl-libs-2.0.12-11.el8.i686.rpm,numactl-libs-2.0.12-11.el8.i686.rpm
numactl-libs-2.0.12-11.el8.x86_64.rpm,numactl-libs-2.0.12-11.el8.x86_64.rpm
numad-0.5-26.20150602git.el8.x86_64.rpm,numad-0.5-26.20150602git.el8.x86_64.rpm
numatop-2.1-3.el8.x86_64.rpm,numatop-2.1-3.el8.x86_64.rpm
nvme-cli-1.12-2.el8.x86_64.rpm,nvme-cli-1.12-2.el8.x86_64.rpm
nvmetcli-0.6-2.el8.noarch.rpm,nvmetcli-0.6-2.el8.noarch.rpm
opencryptoki-3.14.0-5.el8.x86_64.rpm,opencryptoki-3.14.0-5.el8.x86_64.rpm
opencryptoki-icsftok-3.14.0-5.el8.x86_64.rpm,opencryptoki-icsftok-3.14.0-5.el8.x86_64.rpm
opencryptoki-libs-3.14.0-5.el8.i686.rpm,opencryptoki-libs-3.14.0-5.el8.i686.rpm
opencryptoki-libs-3.14.0-5.el8.x86_64.rpm,opencryptoki-libs-3.14.0-5.el8.x86_64.rpm
opencryptoki-swtok-3.14.0-5.el8.x86_64.rpm,opencryptoki-swtok-3.14.0-5.el8.x86_64.rpm
opencryptoki-tpmtok-3.14.0-5.el8.x86_64.rpm,opencryptoki-tpmtok-3.14.0-5.el8.x86_64.rpm
openhpi-3.8.0-9.el8.x86_64.rpm,openhpi-3.8.0-9.el8.x86_64.rpm
openhpi-libs-3.8.0-9.el8.i686.rpm,openhpi-libs-3.8.0-9.el8.i686.rpm
openhpi-libs-3.8.0-9.el8.x86_64.rpm,openhpi-libs-3.8.0-9.el8.x86_64.rpm
OpenIPMI-2.0.27-1.el8.i686.rpm,OpenIPMI-2.0.27-1.el8.i686.rpm
OpenIPMI-2.0.27-1.el8.x86_64.rpm,OpenIPMI-2.0.27-1.el8.x86_64.rpm
OpenIPMI-lanserv-2.0.27-1.el8.i686.rpm,OpenIPMI-lanserv-2.0.27-1.el8.i686.rpm
OpenIPMI-lanserv-2.0.27-1.el8.x86_64.rpm,OpenIPMI-lanserv-2.0.27-1.el8.x86_64.rpm
OpenIPMI-libs-2.0.27-1.el8.i686.rpm,OpenIPMI-libs-2.0.27-1.el8.i686.rpm
OpenIPMI-libs-2.0.27-1.el8.x86_64.rpm,OpenIPMI-libs-2.0.27-1.el8.x86_64.rpm
OpenIPMI-perl-2.0.27-1.el8.x86_64.rpm,OpenIPMI-perl-2.0.27-1.el8.x86_64.rpm
openldap-2.4.46-15.el8.i686.rpm,openldap-2.4.46-15.el8.i686.rpm
openldap-2.4.46-15.el8.x86_64.rpm,openldap-2.4.46-15.el8.x86_64.rpm
openldap-clients-2.4.46-15.el8.x86_64.rpm,openldap-clients-2.4.46-15.el8.x86_64.rpm
openldap-devel-2.4.46-15.el8.i686.rpm,openldap-devel-2.4.46-15.el8.i686.rpm
openldap-devel-2.4.46-15.el8.x86_64.rpm,openldap-devel-2.4.46-15.el8.x86_64.rpm
opensc-0.20.0-2.el8.i686.rpm,opensc-0.20.0-2.el8.i686.rpm
opensc-0.20.0-2.el8.x86_64.rpm,opensc-0.20.0-2.el8.x86_64.rpm
opensm-3.3.23-1.el8.x86_64.rpm,opensm-3.3.23-1.el8.x86_64.rpm
opensm-libs-3.3.23-1.el8.i686.rpm,opensm-libs-3.3.23-1.el8.i686.rpm
opensm-libs-3.3.23-1.el8.x86_64.rpm,opensm-libs-3.3.23-1.el8.x86_64.rpm
openssh-8.0p1-5.el8.x86_64.rpm,openssh-8.0p1-5.el8.x86_64.rpm
openssh-cavs-8.0p1-5.el8.x86_64.rpm,openssh-cavs-8.0p1-5.el8.x86_64.rpm
openssh-clients-8.0p1-5.el8.x86_64.rpm,openssh-clients-8.0p1-5.el8.x86_64.rpm
openssh-keycat-8.0p1-5.el8.x86_64.rpm,openssh-keycat-8.0p1-5.el8.x86_64.rpm
openssh-ldap-8.0p1-5.el8.x86_64.rpm,openssh-ldap-8.0p1-5.el8.x86_64.rpm
openssh-server-8.0p1-5.el8.x86_64.rpm,openssh-server-8.0p1-5.el8.x86_64.rpm
openssl-ibmpkcs11-1.0.2-1.el8.x86_64.rpm,openssl-ibmpkcs11-1.0.2-1.el8.x86_64.rpm
openssl-pkcs11-0.4.10-2.el8.i686.rpm,openssl-pkcs11-0.4.10-2.el8.i686.rpm
openssl-pkcs11-0.4.10-2.el8.x86_64.rpm,openssl-pkcs11-0.4.10-2.el8.x86_64.rpm
os-prober-1.74-6.el8.x86_64.rpm,os-prober-1.74-6.el8.x86_64.rpm
pam-1.3.1-11.el8.i686.rpm,pam-1.3.1-11.el8.i686.rpm
pam-1.3.1-11.el8.x86_64.rpm,pam-1.3.1-11.el8.x86_64.rpm
pam_cifscreds-6.8-3.el8.x86_64.rpm,pam_cifscreds-6.8-3.el8.x86_64.rpm
pam-devel-1.3.1-11.el8.i686.rpm,pam-devel-1.3.1-11.el8.i686.rpm
pam-devel-1.3.1-11.el8.x86_64.rpm,pam-devel-1.3.1-11.el8.x86_64.rpm
pam_ssh_agent_auth-0.10.3-7.5.el8.x86_64.rpm,pam_ssh_agent_auth-0.10.3-7.5.el8.x86_64.rpm
parted-3.2-38.el8.i686.rpm,parted-3.2-38.el8.i686.rpm
parted-3.2-38.el8.x86_64.rpm,parted-3.2-38.el8.x86_64.rpm
passwd-0.80-3.el8.x86_64.rpm,passwd-0.80-3.el8.x86_64.rpm
patch-2.7.6-11.el8.x86_64.rpm,patch-2.7.6-11.el8.x86_64.rpm
pciutils-3.6.4-2.el8.x86_64.rpm,pciutils-3.6.4-2.el8.x86_64.rpm
pciutils-devel-3.6.4-2.el8.i686.rpm,pciutils-devel-3.6.4-2.el8.i686.rpm
pciutils-devel-3.6.4-2.el8.x86_64.rpm,pciutils-devel-3.6.4-2.el8.x86_64.rpm
pciutils-libs-3.6.4-2.el8.i686.rpm,pciutils-libs-3.6.4-2.el8.i686.rpm
pciutils-libs-3.6.4-2.el8.x86_64.rpm,pciutils-libs-3.6.4-2.el8.x86_64.rpm
pcre2-10.32-2.el8.i686.rpm,pcre2-10.32-2.el8.i686.rpm
pcre2-10.32-2.el8.x86_64.rpm,pcre2-10.32-2.el8.x86_64.rpm
pcre2-devel-10.32-2.el8.i686.rpm,pcre2-devel-10.32-2.el8.i686.rpm
pcre2-devel-10.32-2.el8.x86_64.rpm,pcre2-devel-10.32-2.el8.x86_64.rpm
pcre2-utf16-10.32-2.el8.i686.rpm,pcre2-utf16-10.32-2.el8.i686.rpm
pcre2-utf16-10.32-2.el8.x86_64.rpm,pcre2-utf16-10.32-2.el8.x86_64.rpm
pcre2-utf32-10.32-2.el8.i686.rpm,pcre2-utf32-10.32-2.el8.i686.rpm
pcre2-utf32-10.32-2.el8.x86_64.rpm,pcre2-utf32-10.32-2.el8.x86_64.rpm
pcre-8.42-4.el8.i686.rpm,pcre-8.42-4.el8.i686.rpm
pcre-8.42-4.el8.x86_64.rpm,pcre-8.42-4.el8.x86_64.rpm
pcre-cpp-8.42-4.el8.i686.rpm,pcre-cpp-8.42-4.el8.i686.rpm
pcre-cpp-8.42-4.el8.x86_64.rpm,pcre-cpp-8.42-4.el8.x86_64.rpm
pcre-devel-8.42-4.el8.i686.rpm,pcre-devel-8.42-4.el8.i686.rpm
pcre-devel-8.42-4.el8.x86_64.rpm,pcre-devel-8.42-4.el8.x86_64.rpm
pcre-utf16-8.42-4.el8.i686.rpm,pcre-utf16-8.42-4.el8.i686.rpm
pcre-utf16-8.42-4.el8.x86_64.rpm,pcre-utf16-8.42-4.el8.x86_64.rpm
pcre-utf32-8.42-4.el8.i686.rpm,pcre-utf32-8.42-4.el8.i686.rpm
pcre-utf32-8.42-4.el8.x86_64.rpm,pcre-utf32-8.42-4.el8.x86_64.rpm
pcsc-lite-1.8.23-3.el8.x86_64.rpm,pcsc-lite-1.8.23-3.el8.x86_64.rpm
pcsc-lite-ccid-1.4.29-4.el8.x86_64.rpm,pcsc-lite-ccid-1.4.29-4.el8.x86_64.rpm
pcsc-lite-doc-1.8.23-3.el8.noarch.rpm,pcsc-lite-doc-1.8.23-3.el8.noarch.rpm
pcsc-lite-libs-1.8.23-3.el8.i686.rpm,pcsc-lite-libs-1.8.23-3.el8.i686.rpm
pcsc-lite-libs-1.8.23-3.el8.x86_64.rpm,pcsc-lite-libs-1.8.23-3.el8.x86_64.rpm
perftest-4.4-3.el8.x86_64.rpm,perftest-4.4-3.el8.x86_64.rpm
perl-Algorithm-Diff-1.1903-9.el8.noarch.rpm,perl-Algorithm-Diff-1.1903-9.el8.noarch.rpm
perl-Archive-Tar-2.30-1.el8.noarch.rpm,perl-Archive-Tar-2.30-1.el8.noarch.rpm
perl-Carp-1.42-396.el8.noarch.rpm,perl-Carp-1.42-396.el8.noarch.rpm
perl-Compress-Raw-Bzip2-2.081-1.el8.x86_64.rpm,perl-Compress-Raw-Bzip2-2.081-1.el8.x86_64.rpm
perl-Compress-Raw-Zlib-2.081-1.el8.x86_64.rpm,perl-Compress-Raw-Zlib-2.081-1.el8.x86_64.rpm
perl-constant-1.33-396.el8.noarch.rpm,perl-constant-1.33-396.el8.noarch.rpm
perl-Data-Dumper-2.167-399.el8.x86_64.rpm,perl-Data-Dumper-2.167-399.el8.x86_64.rpm
perl-Date-Manip-6.60-2.el8.noarch.rpm,perl-Date-Manip-6.60-2.el8.noarch.rpm
perl-Encode-2.97-3.el8.x86_64.rpm,perl-Encode-2.97-3.el8.x86_64.rpm
perl-Exporter-5.72-396.el8.noarch.rpm,perl-Exporter-5.72-396.el8.noarch.rpm
perl-File-Path-2.15-2.el8.noarch.rpm,perl-File-Path-2.15-2.el8.noarch.rpm
perl-File-Temp-0.230.600-1.el8.noarch.rpm,perl-File-Temp-0.230.600-1.el8.noarch.rpm
perl-Getopt-Long-2.50-4.el8.noarch.rpm,perl-Getopt-Long-2.50-4.el8.noarch.rpm
perl-HTTP-Tiny-0.074-1.el8.noarch.rpm,perl-HTTP-Tiny-0.074-1.el8.noarch.rpm
perl-IO-Compress-2.081-1.el8.noarch.rpm,perl-IO-Compress-2.081-1.el8.noarch.rpm
perl-Math-BigInt-1.9998.11-7.el8.noarch.rpm,perl-Math-BigInt-1.9998.11-7.el8.noarch.rpm
perl-MIME-Base64-3.15-396.el8.x86_64.rpm,perl-MIME-Base64-3.15-396.el8.x86_64.rpm
perl-parent-0.237-1.el8.noarch.rpm,perl-parent-0.237-1.el8.noarch.rpm
perl-Parse-Yapp-1.21-2.el8.noarch.rpm,perl-Parse-Yapp-1.21-2.el8.noarch.rpm
perl-PathTools-3.74-1.el8.x86_64.rpm,perl-PathTools-3.74-1.el8.x86_64.rpm
perl-Pod-Escapes-1.07-395.el8.noarch.rpm,perl-Pod-Escapes-1.07-395.el8.noarch.rpm
perl-podlators-4.11-1.el8.noarch.rpm,perl-podlators-4.11-1.el8.noarch.rpm
perl-Pod-Perldoc-3.28-396.el8.noarch.rpm,perl-Pod-Perldoc-3.28-396.el8.noarch.rpm
perl-Pod-Simple-3.35-395.el8.noarch.rpm,perl-Pod-Simple-3.35-395.el8.noarch.rpm
perl-Pod-Usage-1.69-395.el8.noarch.rpm,perl-Pod-Usage-1.69-395.el8.noarch.rpm
perl-Scalar-List-Utils-1.49-2.el8.x86_64.rpm,perl-Scalar-List-Utils-1.49-2.el8.x86_64.rpm
perl-Socket-2.027-3.el8.x86_64.rpm,perl-Socket-2.027-3.el8.x86_64.rpm
perl-Storable-3.11-3.el8.x86_64.rpm,perl-Storable-3.11-3.el8.x86_64.rpm
perl-Sys-CPU-0.61-14.el8.x86_64.rpm,perl-Sys-CPU-0.61-14.el8.x86_64.rpm
perl-Sys-MemInfo-0.99-6.el8.x86_64.rpm,perl-Sys-MemInfo-0.99-6.el8.x86_64.rpm
perl-Term-ANSIColor-4.06-396.el8.noarch.rpm,perl-Term-ANSIColor-4.06-396.el8.noarch.rpm
perl-Term-Cap-1.17-395.el8.noarch.rpm,perl-Term-Cap-1.17-395.el8.noarch.rpm
perl-Text-Diff-1.45-2.el8.noarch.rpm,perl-Text-Diff-1.45-2.el8.noarch.rpm
perl-Text-ParseWords-3.30-395.el8.noarch.rpm,perl-Text-ParseWords-3.30-395.el8.noarch.rpm
perl-Text-Tabs+Wrap-2013.0523-395.el8.noarch.rpm,perl-Text-Tabs+Wrap-2013.0523-395.el8.noarch.rpm
perl-threads-2.21-2.el8.x86_64.rpm,perl-threads-2.21-2.el8.x86_64.rpm
perl-threads-shared-1.58-2.el8.x86_64.rpm,perl-threads-shared-1.58-2.el8.x86_64.rpm
perl-Time-Local-1.280-1.el8.noarch.rpm,perl-Time-Local-1.280-1.el8.noarch.rpm
perl-Unicode-Normalize-1.25-396.el8.x86_64.rpm,perl-Unicode-Normalize-1.25-396.el8.x86_64.rpm
pigz-2.4-4.el8.x86_64.rpm,pigz-2.4-4.el8.x86_64.rpm
pkgconf-1.4.2-1.el8.i686.rpm,pkgconf-1.4.2-1.el8.i686.rpm
pkgconf-1.4.2-1.el8.x86_64.rpm,pkgconf-1.4.2-1.el8.x86_64.rpm
pkgconf-m4-1.4.2-1.el8.noarch.rpm,pkgconf-m4-1.4.2-1.el8.noarch.rpm
pkgconf-pkg-config-1.4.2-1.el8.i686.rpm,pkgconf-pkg-config-1.4.2-1.el8.i686.rpm
pkgconf-pkg-config-1.4.2-1.el8.x86_64.rpm,pkgconf-pkg-config-1.4.2-1.el8.x86_64.rpm
platform-python-3.6.8-31.el8.x86_64.rpm,platform-python-3.6.8-31.el8.x86_64.rpm
platform-python-pip-9.0.3-18.el8.noarch.rpm,platform-python-pip-9.0.3-18.el8.noarch.rpm
platform-python-setuptools-39.2.0-6.el8.noarch.rpm,platform-python-setuptools-39.2.0-6.el8.noarch.rpm
policycoreutils-2.9-9.el8.x86_64.rpm,policycoreutils-2.9-9.el8.x86_64.rpm
policycoreutils-dbus-2.9-9.el8.noarch.rpm,policycoreutils-dbus-2.9-9.el8.noarch.rpm
policycoreutils-devel-2.9-9.el8.i686.rpm,policycoreutils-devel-2.9-9.el8.i686.rpm
policycoreutils-devel-2.9-9.el8.x86_64.rpm,policycoreutils-devel-2.9-9.el8.x86_64.rpm
policycoreutils-newrole-2.9-9.el8.x86_64.rpm,policycoreutils-newrole-2.9-9.el8.x86_64.rpm
policycoreutils-python-utils-2.9-9.el8.noarch.rpm,policycoreutils-python-utils-2.9-9.el8.noarch.rpm
policycoreutils-restorecond-2.9-9.el8.x86_64.rpm,policycoreutils-restorecond-2.9-9.el8.x86_64.rpm
polkit-0.115-11.el8.x86_64.rpm,polkit-0.115-11.el8.x86_64.rpm
polkit-devel-0.115-11.el8.i686.rpm,polkit-devel-0.115-11.el8.i686.rpm
polkit-devel-0.115-11.el8.x86_64.rpm,polkit-devel-0.115-11.el8.x86_64.rpm
polkit-docs-0.115-11.el8.noarch.rpm,polkit-docs-0.115-11.el8.noarch.rpm
polkit-libs-0.115-11.el8.i686.rpm,polkit-libs-0.115-11.el8.i686.rpm
polkit-libs-0.115-11.el8.x86_64.rpm,polkit-libs-0.115-11.el8.x86_64.rpm
polkit-pkla-compat-0.1-12.el8.x86_64.rpm,polkit-pkla-compat-0.1-12.el8.x86_64.rpm
popt-1.16-14.el8.i686.rpm,popt-1.16-14.el8.i686.rpm
popt-1.16-14.el8.x86_64.rpm,popt-1.16-14.el8.x86_64.rpm
popt-devel-1.16-14.el8.i686.rpm,popt-devel-1.16-14.el8.i686.rpm
popt-devel-1.16-14.el8.x86_64.rpm,popt-devel-1.16-14.el8.x86_64.rpm
portreserve-0.0.5-19.el8.x86_64.rpm,portreserve-0.0.5-19.el8.x86_64.rpm
prefixdevname-0.1.0-6.el8.x86_64.rpm,prefixdevname-0.1.0-6.el8.x86_64.rpm
procps-ng-3.3.15-3.el8.i686.rpm,procps-ng-3.3.15-3.el8.i686.rpm
procps-ng-3.3.15-3.el8.x86_64.rpm,procps-ng-3.3.15-3.el8.x86_64.rpm
procps-ng-i18n-3.3.15-3.el8.noarch.rpm,procps-ng-i18n-3.3.15-3.el8.noarch.rpm
psacct-6.6.3-4.el8.x86_64.rpm,psacct-6.6.3-4.el8.x86_64.rpm
ps_mem-3.6-7.el8.noarch.rpm,ps_mem-3.6-7.el8.noarch.rpm
psmisc-23.1-5.el8.x86_64.rpm,psmisc-23.1-5.el8.x86_64.rpm
publicsuffix-list-20180723-1.el8.noarch.rpm,publicsuffix-list-20180723-1.el8.noarch.rpm
publicsuffix-list-dafsa-20180723-1.el8.noarch.rpm,publicsuffix-list-dafsa-20180723-1.el8.noarch.rpm
python3-asn1crypto-0.24.0-3.el8.noarch.rpm,python3-asn1crypto-0.24.0-3.el8.noarch.rpm
python3-audit-3.0-0.17.20191104git1c2f876.el8.x86_64.rpm,python3-audit-3.0-0.17.20191104git1c2f876.el8.x86_64.rpm
python3-avahi-0.7-19.el8.x86_64.rpm,python3-avahi-0.7-19.el8.x86_64.rpm
python3-boom-1.2-2.el8.noarch.rpm,python3-boom-1.2-2.el8.noarch.rpm
python3-cffi-1.11.5-5.el8.x86_64.rpm,python3-cffi-1.11.5-5.el8.x86_64.rpm
python3-chardet-3.0.4-7.el8.noarch.rpm,python3-chardet-3.0.4-7.el8.noarch.rpm
python3-configobj-5.0.6-11.el8.noarch.rpm,python3-configobj-5.0.6-11.el8.noarch.rpm
python3-configshell-1.1.28-1.el8.noarch.rpm,python3-configshell-1.1.28-1.el8.noarch.rpm
python3-cryptography-2.3-3.el8.x86_64.rpm,python3-cryptography-2.3-3.el8.x86_64.rpm
python3-dateutil-2.6.1-6.el8.noarch.rpm,python3-dateutil-2.6.1-6.el8.noarch.rpm
python3-dbus-1.2.4-15.el8.x86_64.rpm,python3-dbus-1.2.4-15.el8.x86_64.rpm
python3-decorator-4.2.1-2.el8.noarch.rpm,python3-decorator-4.2.1-2.el8.noarch.rpm
python3-dmidecode-3.12.2-15.el8.x86_64.rpm,python3-dmidecode-3.12.2-15.el8.x86_64.rpm
python3-dnf-4.2.23-4.el8.noarch.rpm,python3-dnf-4.2.23-4.el8.noarch.rpm
python3-dnf-plugin-post-transaction-actions-4.0.17-5.el8.noarch.rpm,python3-dnf-plugin-post-transaction-actions-4.0.17-5.el8.noarch.rpm
python3-dnf-plugins-core-4.0.17-5.el8.noarch.rpm,python3-dnf-plugins-core-4.0.17-5.el8.noarch.rpm
python3-dnf-plugin-versionlock-4.0.17-5.el8.noarch.rpm,python3-dnf-plugin-versionlock-4.0.17-5.el8.noarch.rpm
python3-dns-1.15.0-10.el8.noarch.rpm,python3-dns-1.15.0-10.el8.noarch.rpm
python3-ethtool-0.14-3.el8.x86_64.rpm,python3-ethtool-0.14-3.el8.x86_64.rpm
python3-firewall-0.8.2-2.el8.noarch.rpm,python3-firewall-0.8.2-2.el8.noarch.rpm
python3-gobject-base-3.28.3-2.el8.x86_64.rpm,python3-gobject-base-3.28.3-2.el8.x86_64.rpm
python3-gpg-1.13.1-3.el8.x86_64.rpm,python3-gpg-1.13.1-3.el8.x86_64.rpm
python3-hawkey-0.48.0-5.el8.x86_64.rpm,python3-hawkey-0.48.0-5.el8.x86_64.rpm
python3-idna-2.5-5.el8.noarch.rpm,python3-idna-2.5-5.el8.noarch.rpm
python3-iniparse-0.4-31.el8.noarch.rpm,python3-iniparse-0.4-31.el8.noarch.rpm
python3-inotify-0.9.6-13.el8.noarch.rpm,python3-inotify-0.9.6-13.el8.noarch.rpm
python3-iscsi-initiator-utils-6.2.0.878-5.gitd791ce0.el8.x86_64.rpm,python3-iscsi-initiator-utils-6.2.0.878-5.gitd791ce0.el8.x86_64.rpm
python3-jwt-1.6.1-2.el8.noarch.rpm,python3-jwt-1.6.1-2.el8.noarch.rpm
python3-kmod-0.9-20.el8.x86_64.rpm,python3-kmod-0.9-20.el8.x86_64.rpm
python3-ldb-2.1.3-2.el8.i686.rpm,python3-ldb-2.1.3-2.el8.i686.rpm
python3-ldb-2.1.3-2.el8.x86_64.rpm,python3-ldb-2.1.3-2.el8.x86_64.rpm
python3-libcomps-0.1.11-4.el8.x86_64.rpm,python3-libcomps-0.1.11-4.el8.x86_64.rpm
python3-libdnf-0.48.0-5.el8.x86_64.rpm,python3-libdnf-0.48.0-5.el8.x86_64.rpm
python3-libipa_hbac-2.3.0-9.el8.x86_64.rpm,python3-libipa_hbac-2.3.0-9.el8.x86_64.rpm
python3-libnl3-3.5.0-1.el8.x86_64.rpm,python3-libnl3-3.5.0-1.el8.x86_64.rpm
python3-libproxy-0.4.15-5.2.el8.noarch.rpm,python3-libproxy-0.4.15-5.2.el8.noarch.rpm
python3-librepo-1.12.0-2.el8.x86_64.rpm,python3-librepo-1.12.0-2.el8.x86_64.rpm
python3-libs-3.6.8-31.el8.i686.rpm,python3-libs-3.6.8-31.el8.i686.rpm
python3-libs-3.6.8-31.el8.x86_64.rpm,python3-libs-3.6.8-31.el8.x86_64.rpm
python3-libsemanage-2.9-3.el8.x86_64.rpm,python3-libsemanage-2.9-3.el8.x86_64.rpm
python3-libsss_nss_idmap-2.3.0-9.el8.x86_64.rpm,python3-libsss_nss_idmap-2.3.0-9.el8.x86_64.rpm
python3-libstoragemgmt-1.8.3-2.el8.noarch.rpm,python3-libstoragemgmt-1.8.3-2.el8.noarch.rpm
python3-libstoragemgmt-clibs-1.8.3-2.el8.x86_64.rpm,python3-libstoragemgmt-clibs-1.8.3-2.el8.x86_64.rpm
python3-libuser-0.62-23.el8.x86_64.rpm,python3-libuser-0.62-23.el8.x86_64.rpm
python3-libxml2-2.9.7-8.el8.x86_64.rpm,python3-libxml2-2.9.7-8.el8.x86_64.rpm
python3-linux-procfs-0.6.2-2.el8.noarch.rpm,python3-linux-procfs-0.6.2-2.el8.noarch.rpm
python3-nftables-0.9.3-16.el8.x86_64.rpm,python3-nftables-0.9.3-16.el8.x86_64.rpm
python3-oauthlib-2.1.0-1.el8.noarch.rpm,python3-oauthlib-2.1.0-1.el8.noarch.rpm
python3-openipmi-2.0.27-1.el8.x86_64.rpm,python3-openipmi-2.0.27-1.el8.x86_64.rpm
python3-pip-wheel-9.0.3-18.el8.noarch.rpm,python3-pip-wheel-9.0.3-18.el8.noarch.rpm
python3-ply-3.9-8.el8.noarch.rpm,python3-ply-3.9-8.el8.noarch.rpm
python3-policycoreutils-2.9-9.el8.noarch.rpm,python3-policycoreutils-2.9-9.el8.noarch.rpm
python3-pwquality-1.4.0-9.el8.x86_64.rpm,python3-pwquality-1.4.0-9.el8.x86_64.rpm
python3-pycparser-2.14-14.el8.noarch.rpm,python3-pycparser-2.14-14.el8.noarch.rpm
python3-pyparsing-2.1.10-7.el8.noarch.rpm,python3-pyparsing-2.1.10-7.el8.noarch.rpm
python3-pysocks-1.6.8-3.el8.noarch.rpm,python3-pysocks-1.6.8-3.el8.noarch.rpm
python3-pyudev-0.21.0-7.el8.noarch.rpm,python3-pyudev-0.21.0-7.el8.noarch.rpm
python3-pywbem-0.11.0-8.el8.noarch.rpm,python3-pywbem-0.11.0-8.el8.noarch.rpm
python3-pyyaml-3.12-12.el8.x86_64.rpm,python3-pyyaml-3.12-12.el8.x86_64.rpm
python3-requests-oauthlib-1.0.0-1.el8.noarch.rpm,python3-requests-oauthlib-1.0.0-1.el8.noarch.rpm
python3-rpm-4.14.3-4.el8.x86_64.rpm,python3-rpm-4.14.3-4.el8.x86_64.rpm
python3-rtslib-2.1.73-2.el8.noarch.rpm,python3-rtslib-2.1.73-2.el8.noarch.rpm
python3-schedutils-0.6-6.el8.x86_64.rpm,python3-schedutils-0.6-6.el8.x86_64.rpm
python3-setools-4.3.0-2.el8.x86_64.rpm,python3-setools-4.3.0-2.el8.x86_64.rpm
python3-setuptools-39.2.0-6.el8.noarch.rpm,python3-setuptools-39.2.0-6.el8.noarch.rpm
python3-setuptools-wheel-39.2.0-6.el8.noarch.rpm,python3-setuptools-wheel-39.2.0-6.el8.noarch.rpm
python3-six-1.11.0-8.el8.noarch.rpm,python3-six-1.11.0-8.el8.noarch.rpm
python3-slip-0.6.4-11.el8.noarch.rpm,python3-slip-0.6.4-11.el8.noarch.rpm
python3-slip-dbus-0.6.4-11.el8.noarch.rpm,python3-slip-dbus-0.6.4-11.el8.noarch.rpm
python3-sss-2.3.0-9.el8.x86_64.rpm,python3-sss-2.3.0-9.el8.x86_64.rpm
python3-sssdconfig-2.3.0-9.el8.noarch.rpm,python3-sssdconfig-2.3.0-9.el8.noarch.rpm
python3-sss-murmur-2.3.0-9.el8.x86_64.rpm,python3-sss-murmur-2.3.0-9.el8.x86_64.rpm
python3-talloc-2.3.1-2.el8.i686.rpm,python3-talloc-2.3.1-2.el8.i686.rpm
python3-talloc-2.3.1-2.el8.x86_64.rpm,python3-talloc-2.3.1-2.el8.x86_64.rpm
python3-tdb-1.4.3-1.el8.i686.rpm,python3-tdb-1.4.3-1.el8.i686.rpm
python3-tdb-1.4.3-1.el8.x86_64.rpm,python3-tdb-1.4.3-1.el8.x86_64.rpm
python3-test-3.6.8-31.el8.x86_64.rpm,python3-test-3.6.8-31.el8.x86_64.rpm
python3-tevent-0.10.2-2.el8.x86_64.rpm,python3-tevent-0.10.2-2.el8.x86_64.rpm
python3-urllib3-1.24.2-4.el8.noarch.rpm,python3-urllib3-1.24.2-4.el8.noarch.rpm
python3-urwid-1.3.1-4.el8.x86_64.rpm,python3-urwid-1.3.1-4.el8.x86_64.rpm
python3-varlink-29.0.0-1.el8.noarch.rpm,python3-varlink-29.0.0-1.el8.noarch.rpm
quota-4.04-10.el8.x86_64.rpm,quota-4.04-10.el8.x86_64.rpm
quota-doc-4.04-10.el8.noarch.rpm,quota-doc-4.04-10.el8.noarch.rpm
quota-nld-4.04-10.el8.x86_64.rpm,quota-nld-4.04-10.el8.x86_64.rpm
quota-nls-4.04-10.el8.noarch.rpm,quota-nls-4.04-10.el8.noarch.rpm
quota-rpc-4.04-10.el8.x86_64.rpm,quota-rpc-4.04-10.el8.x86_64.rpm
quota-warnquota-4.04-10.el8.x86_64.rpm,quota-warnquota-4.04-10.el8.x86_64.rpm
rasdaemon-0.6.1-5.el8.x86_64.rpm,rasdaemon-0.6.1-5.el8.x86_64.rpm
rdma-core-29.0-3.el8.i686.rpm,rdma-core-29.0-3.el8.i686.rpm
rdma-core-29.0-3.el8.x86_64.rpm,rdma-core-29.0-3.el8.x86_64.rpm
rdma-core-devel-29.0-3.el8.i686.rpm,rdma-core-devel-29.0-3.el8.i686.rpm
rdma-core-devel-29.0-3.el8.x86_64.rpm,rdma-core-devel-29.0-3.el8.x86_64.rpm
readline-7.0-10.el8.i686.rpm,readline-7.0-10.el8.i686.rpm
readline-7.0-10.el8.x86_64.rpm,readline-7.0-10.el8.x86_64.rpm
readline-devel-7.0-10.el8.i686.rpm,readline-devel-7.0-10.el8.i686.rpm
readline-devel-7.0-10.el8.x86_64.rpm,readline-devel-7.0-10.el8.x86_64.rpm
readonly-root-10.00.9-1.el8.noarch.rpm,readonly-root-10.00.9-1.el8.noarch.rpm
realmd-0.16.3-19.el8.x86_64.rpm,realmd-0.16.3-19.el8.x86_64.rpm
rmt-1.5.3-13.el8.x86_64.rpm,rmt-1.5.3-13.el8.x86_64.rpm
rng-tools-6.8-3.el8.x86_64.rpm,rng-tools-6.8-3.el8.x86_64.rpm
rootfiles-8.1-22.el8.noarch.rpm,rootfiles-8.1-22.el8.noarch.rpm
rpcbind-1.2.5-7.el8.x86_64.rpm,rpcbind-1.2.5-7.el8.x86_64.rpm
rpm-4.14.3-4.el8.x86_64.rpm,rpm-4.14.3-4.el8.x86_64.rpm
rpm-apidocs-4.14.3-4.el8.noarch.rpm,rpm-apidocs-4.14.3-4.el8.noarch.rpm
rpm-build-libs-4.14.3-4.el8.i686.rpm,rpm-build-libs-4.14.3-4.el8.i686.rpm
rpm-build-libs-4.14.3-4.el8.x86_64.rpm,rpm-build-libs-4.14.3-4.el8.x86_64.rpm
rpm-cron-4.14.3-4.el8.noarch.rpm,rpm-cron-4.14.3-4.el8.noarch.rpm
rpm-devel-4.14.3-4.el8.i686.rpm,rpm-devel-4.14.3-4.el8.i686.rpm
rpm-devel-4.14.3-4.el8.x86_64.rpm,rpm-devel-4.14.3-4.el8.x86_64.rpm
rpm-libs-4.14.3-4.el8.i686.rpm,rpm-libs-4.14.3-4.el8.i686.rpm
rpm-libs-4.14.3-4.el8.x86_64.rpm,rpm-libs-4.14.3-4.el8.x86_64.rpm
rpm-plugin-ima-4.14.3-4.el8.x86_64.rpm,rpm-plugin-ima-4.14.3-4.el8.x86_64.rpm
rpm-plugin-prioreset-4.14.3-4.el8.x86_64.rpm,rpm-plugin-prioreset-4.14.3-4.el8.x86_64.rpm
rpm-plugin-selinux-4.14.3-4.el8.x86_64.rpm,rpm-plugin-selinux-4.14.3-4.el8.x86_64.rpm
rpm-plugin-syslog-4.14.3-4.el8.x86_64.rpm,rpm-plugin-syslog-4.14.3-4.el8.x86_64.rpm
rpm-plugin-systemd-inhibit-4.14.3-4.el8.x86_64.rpm,rpm-plugin-systemd-inhibit-4.14.3-4.el8.x86_64.rpm
rpm-sign-4.14.3-4.el8.x86_64.rpm,rpm-sign-4.14.3-4.el8.x86_64.rpm
rsync-3.1.3-9.el8.x86_64.rpm,rsync-3.1.3-9.el8.x86_64.rpm
rsync-daemon-3.1.3-9.el8.noarch.rpm,rsync-daemon-3.1.3-9.el8.noarch.rpm
sed-4.5-2.el8.x86_64.rpm,sed-4.5-2.el8.x86_64.rpm
setools-console-4.3.0-2.el8.x86_64.rpm,setools-console-4.3.0-2.el8.x86_64.rpm
setserial-2.17-45.el8.x86_64.rpm,setserial-2.17-45.el8.x86_64.rpm
setup-2.12.2-6.el8.noarch.rpm,setup-2.12.2-6.el8.noarch.rpm
sg3_utils-1.44-5.el8.x86_64.rpm,sg3_utils-1.44-5.el8.x86_64.rpm
sg3_utils-libs-1.44-5.el8.i686.rpm,sg3_utils-libs-1.44-5.el8.i686.rpm
sg3_utils-libs-1.44-5.el8.x86_64.rpm,sg3_utils-libs-1.44-5.el8.x86_64.rpm
sgml-common-0.6.3-50.el8.noarch.rpm,sgml-common-0.6.3-50.el8.noarch.rpm
sgpio-1.2.0.10-21.el8.x86_64.rpm,sgpio-1.2.0.10-21.el8.x86_64.rpm
shadow-utils-4.6-11.el8.x86_64.rpm,shadow-utils-4.6-11.el8.x86_64.rpm
shared-mime-info-1.9-3.el8.x86_64.rpm,shared-mime-info-1.9-3.el8.x86_64.rpm
slang-2.3.2-3.el8.i686.rpm,slang-2.3.2-3.el8.i686.rpm
slang-2.3.2-3.el8.x86_64.rpm,slang-2.3.2-3.el8.x86_64.rpm
smartmontools-7.1-1.el8.x86_64.rpm,smartmontools-7.1-1.el8.x86_64.rpm
smc-tools-1.3.0-1.el8.i686.rpm,smc-tools-1.3.0-1.el8.i686.rpm
smc-tools-1.3.0-1.el8.x86_64.rpm,smc-tools-1.3.0-1.el8.x86_64.rpm
snappy-1.1.8-3.el8.i686.rpm,snappy-1.1.8-3.el8.i686.rpm
snappy-1.1.8-3.el8.x86_64.rpm,snappy-1.1.8-3.el8.x86_64.rpm
spax-1.5.3-13.el8.x86_64.rpm,spax-1.5.3-13.el8.x86_64.rpm
sqlite-3.26.0-11.el8.i686.rpm,sqlite-3.26.0-11.el8.i686.rpm
sqlite-3.26.0-11.el8.x86_64.rpm,sqlite-3.26.0-11.el8.x86_64.rpm
sqlite-devel-3.26.0-11.el8.i686.rpm,sqlite-devel-3.26.0-11.el8.i686.rpm
sqlite-devel-3.26.0-11.el8.x86_64.rpm,sqlite-devel-3.26.0-11.el8.x86_64.rpm
sqlite-doc-3.26.0-11.el8.noarch.rpm,sqlite-doc-3.26.0-11.el8.noarch.rpm
sqlite-libs-3.26.0-11.el8.i686.rpm,sqlite-libs-3.26.0-11.el8.i686.rpm
sqlite-libs-3.26.0-11.el8.x86_64.rpm,sqlite-libs-3.26.0-11.el8.x86_64.rpm
squashfs-tools-4.3-19.el8.x86_64.rpm,squashfs-tools-4.3-19.el8.x86_64.rpm
srp_daemon-29.0-3.el8.x86_64.rpm,srp_daemon-29.0-3.el8.x86_64.rpm
sssd-2.3.0-9.el8.x86_64.rpm,sssd-2.3.0-9.el8.x86_64.rpm
sssd-ad-2.3.0-9.el8.x86_64.rpm,sssd-ad-2.3.0-9.el8.x86_64.rpm
sssd-client-2.3.0-9.el8.i686.rpm,sssd-client-2.3.0-9.el8.i686.rpm
sssd-client-2.3.0-9.el8.x86_64.rpm,sssd-client-2.3.0-9.el8.x86_64.rpm
sssd-common-2.3.0-9.el8.x86_64.rpm,sssd-common-2.3.0-9.el8.x86_64.rpm
sssd-common-pac-2.3.0-9.el8.x86_64.rpm,sssd-common-pac-2.3.0-9.el8.x86_64.rpm
sssd-dbus-2.3.0-9.el8.x86_64.rpm,sssd-dbus-2.3.0-9.el8.x86_64.rpm
sssd-ipa-2.3.0-9.el8.x86_64.rpm,sssd-ipa-2.3.0-9.el8.x86_64.rpm
sssd-kcm-2.3.0-9.el8.x86_64.rpm,sssd-kcm-2.3.0-9.el8.x86_64.rpm
sssd-krb5-2.3.0-9.el8.x86_64.rpm,sssd-krb5-2.3.0-9.el8.x86_64.rpm
sssd-krb5-common-2.3.0-9.el8.x86_64.rpm,sssd-krb5-common-2.3.0-9.el8.x86_64.rpm
sssd-ldap-2.3.0-9.el8.x86_64.rpm,sssd-ldap-2.3.0-9.el8.x86_64.rpm
sssd-libwbclient-2.3.0-9.el8.x86_64.rpm,sssd-libwbclient-2.3.0-9.el8.x86_64.rpm
sssd-nfs-idmap-2.3.0-9.el8.x86_64.rpm,sssd-nfs-idmap-2.3.0-9.el8.x86_64.rpm
sssd-polkit-rules-2.3.0-9.el8.x86_64.rpm,sssd-polkit-rules-2.3.0-9.el8.x86_64.rpm
sssd-proxy-2.3.0-9.el8.x86_64.rpm,sssd-proxy-2.3.0-9.el8.x86_64.rpm
sssd-tools-2.3.0-9.el8.x86_64.rpm,sssd-tools-2.3.0-9.el8.x86_64.rpm
sssd-winbind-idmap-2.3.0-9.el8.x86_64.rpm,sssd-winbind-idmap-2.3.0-9.el8.x86_64.rpm
star-1.5.3-13.el8.x86_64.rpm,star-1.5.3-13.el8.x86_64.rpm
strace-5.1-1.el8.x86_64.rpm,strace-5.1-1.el8.x86_64.rpm
symlinks-1.4-19.el8.x86_64.rpm,symlinks-1.4-19.el8.x86_64.rpm
syslinux-6.04-4.el8.x86_64.rpm,syslinux-6.04-4.el8.x86_64.rpm
syslinux-extlinux-6.04-4.el8.x86_64.rpm,syslinux-extlinux-6.04-4.el8.x86_64.rpm
syslinux-extlinux-nonlinux-6.04-4.el8.noarch.rpm,syslinux-extlinux-nonlinux-6.04-4.el8.noarch.rpm
syslinux-nonlinux-6.04-4.el8.noarch.rpm,syslinux-nonlinux-6.04-4.el8.noarch.rpm
syslinux-tftpboot-6.04-4.el8.noarch.rpm,syslinux-tftpboot-6.04-4.el8.noarch.rpm
system-storage-manager-1.4-1.el8.noarch.rpm,system-storage-manager-1.4-1.el8.noarch.rpm
tar-1.30-5.el8.x86_64.rpm,tar-1.30-5.el8.x86_64.rpm
target-restore-2.1.73-2.el8.noarch.rpm,target-restore-2.1.73-2.el8.noarch.rpm
tboot-1.9.12-2.el8.x86_64.rpm,tboot-1.9.12-2.el8.x86_64.rpm
tcl-8.6.8-2.el8.x86_64.rpm,tcl-8.6.8-2.el8.x86_64.rpm
tcl-devel-8.6.8-2.el8.i686.rpm,tcl-devel-8.6.8-2.el8.i686.rpm
tcl-devel-8.6.8-2.el8.x86_64.rpm,tcl-devel-8.6.8-2.el8.x86_64.rpm
tcl-doc-8.6.8-2.el8.noarch.rpm,tcl-doc-8.6.8-2.el8.noarch.rpm
tdb-tools-1.4.3-1.el8.x86_64.rpm,tdb-tools-1.4.3-1.el8.x86_64.rpm
teamd-1.31-2.el8.i686.rpm,teamd-1.31-2.el8.i686.rpm
teamd-1.31-2.el8.x86_64.rpm,teamd-1.31-2.el8.x86_64.rpm
time-1.9-3.el8.x86_64.rpm,time-1.9-3.el8.x86_64.rpm
timedatex-0.5-3.el8.x86_64.rpm,timedatex-0.5-3.el8.x86_64.rpm
tmpwatch-2.11-14.el8.x86_64.rpm,tmpwatch-2.11-14.el8.x86_64.rpm
tmux-2.7-1.el8.x86_64.rpm,tmux-2.7-1.el8.x86_64.rpm
tpm2-abrmd-2.1.1-3.el8.i686.rpm,tpm2-abrmd-2.1.1-3.el8.i686.rpm
tpm2-abrmd-2.1.1-3.el8.x86_64.rpm,tpm2-abrmd-2.1.1-3.el8.x86_64.rpm
tpm2-abrmd-selinux-2.0.0-3.el8.noarch.rpm,tpm2-abrmd-selinux-2.0.0-3.el8.noarch.rpm
tpm2-tools-4.1.1-1.el8.x86_64.rpm,tpm2-tools-4.1.1-1.el8.x86_64.rpm
tpm2-tss-2.3.2-2.el8.i686.rpm,tpm2-tss-2.3.2-2.el8.i686.rpm
tpm2-tss-2.3.2-2.el8.x86_64.rpm,tpm2-tss-2.3.2-2.el8.x86_64.rpm
tpm2-tss-devel-2.3.2-2.el8.i686.rpm,tpm2-tss-devel-2.3.2-2.el8.i686.rpm
tpm2-tss-devel-2.3.2-2.el8.x86_64.rpm,tpm2-tss-devel-2.3.2-2.el8.x86_64.rpm
tpm-quote-tools-1.0.3-4.el8.x86_64.rpm,tpm-quote-tools-1.0.3-4.el8.x86_64.rpm
tpm-tools-1.3.9-7.el8.i686.rpm,tpm-tools-1.3.9-7.el8.i686.rpm
tpm-tools-1.3.9-7.el8.x86_64.rpm,tpm-tools-1.3.9-7.el8.x86_64.rpm
tpm-tools-pkcs11-1.3.9-7.el8.x86_64.rpm,tpm-tools-pkcs11-1.3.9-7.el8.x86_64.rpm
trace-cmd-2.7-8.el8.x86_64.rpm,trace-cmd-2.7-8.el8.x86_64.rpm
traceroute-2.1.0-6.el8.x86_64.rpm,traceroute-2.1.0-6.el8.x86_64.rpm
tree-1.7.0-15.el8.x86_64.rpm,tree-1.7.0-15.el8.x86_64.rpm
trousers-0.3.14-4.el8.x86_64.rpm,trousers-0.3.14-4.el8.x86_64.rpm
trousers-lib-0.3.14-4.el8.i686.rpm,trousers-lib-0.3.14-4.el8.i686.rpm
trousers-lib-0.3.14-4.el8.x86_64.rpm,trousers-lib-0.3.14-4.el8.x86_64.rpm
tuna-0.14-4.el8.noarch.rpm,tuna-0.14-4.el8.noarch.rpm
units-2.17-5.el8.x86_64.rpm,units-2.17-5.el8.x86_64.rpm
unzip-6.0-43.el8.x86_64.rpm,unzip-6.0-43.el8.x86_64.rpm
usb_modeswitch-2.5.2-1.el8.x86_64.rpm,usb_modeswitch-2.5.2-1.el8.x86_64.rpm
usb_modeswitch-data-20191128-1.el8.noarch.rpm,usb_modeswitch-data-20191128-1.el8.noarch.rpm
usbutils-010-3.el8.x86_64.rpm,usbutils-010-3.el8.x86_64.rpm
usermode-1.113-1.el8.x86_64.rpm,usermode-1.113-1.el8.x86_64.rpm
userspace-rcu-0.10.1-2.el8.i686.rpm,userspace-rcu-0.10.1-2.el8.i686.rpm
userspace-rcu-0.10.1-2.el8.x86_64.rpm,userspace-rcu-0.10.1-2.el8.x86_64.rpm
util-linux-2.32.1-24.el8.x86_64.rpm,util-linux-2.32.1-24.el8.x86_64.rpm
util-linux-user-2.32.1-24.el8.x86_64.rpm,util-linux-user-2.32.1-24.el8.x86_64.rpm
uuidd-2.32.1-24.el8.x86_64.rpm,uuidd-2.32.1-24.el8.x86_64.rpm
vdo-6.2.3.114-14.el8.x86_64.rpm,vdo-6.2.3.114-14.el8.x86_64.rpm
vdo-support-6.2.3.114-14.el8.x86_64.rpm,vdo-support-6.2.3.114-14.el8.x86_64.rpm
veritysetup-2.3.3-2.el8.x86_64.rpm,veritysetup-2.3.3-2.el8.x86_64.rpm
vim-minimal-8.0.1763-15.el8.x86_64.rpm,vim-minimal-8.0.1763-15.el8.x86_64.rpm
virt-what-1.18-6.el8.x86_64.rpm,virt-what-1.18-6.el8.x86_64.rpm
vm-dump-metrics-1.1-4.el8.x86_64.rpm,vm-dump-metrics-1.1-4.el8.x86_64.rpm
vm-dump-metrics-devel-1.1-4.el8.x86_64.rpm,vm-dump-metrics-devel-1.1-4.el8.x86_64.rpm
watchdog-5.15-1.el8.x86_64.rpm,watchdog-5.15-1.el8.x86_64.rpm
which-2.21-12.el8.x86_64.rpm,which-2.21-12.el8.x86_64.rpm
words-3.0-28.el8.noarch.rpm,words-3.0-28.el8.noarch.rpm
x3270-3.6ga5-1.el8.x86_64.rpm,x3270-3.6ga5-1.el8.x86_64.rpm
x3270-text-3.6ga5-1.el8.x86_64.rpm,x3270-text-3.6ga5-1.el8.x86_64.rpm
xdelta-3.1.0-4.el8.x86_64.rpm,xdelta-3.1.0-4.el8.x86_64.rpm
xfsdump-3.1.8-2.el8.x86_64.rpm,xfsdump-3.1.8-2.el8.x86_64.rpm
xfsprogs-5.0.0-4.el8.i686.rpm,xfsprogs-5.0.0-4.el8.i686.rpm
xfsprogs-5.0.0-4.el8.x86_64.rpm,xfsprogs-5.0.0-4.el8.x86_64.rpm
xfsprogs-devel-5.0.0-4.el8.i686.rpm,xfsprogs-devel-5.0.0-4.el8.i686.rpm
xfsprogs-devel-5.0.0-4.el8.x86_64.rpm,xfsprogs-devel-5.0.0-4.el8.x86_64.rpm
xml-common-0.6.3-50.el8.noarch.rpm,xml-common-0.6.3-50.el8.noarch.rpm
xmlrpc-c-1.51.0-5.el8.i686.rpm,xmlrpc-c-1.51.0-5.el8.i686.rpm
xmlrpc-c-1.51.0-5.el8.x86_64.rpm,xmlrpc-c-1.51.0-5.el8.x86_64.rpm
xmlrpc-c-client-1.51.0-5.el8.i686.rpm,xmlrpc-c-client-1.51.0-5.el8.i686.rpm
xmlrpc-c-client-1.51.0-5.el8.x86_64.rpm,xmlrpc-c-client-1.51.0-5.el8.x86_64.rpm
xz-5.2.4-3.el8.x86_64.rpm,xz-5.2.4-3.el8.x86_64.rpm
xz-devel-5.2.4-3.el8.i686.rpm,xz-devel-5.2.4-3.el8.i686.rpm
xz-devel-5.2.4-3.el8.x86_64.rpm,xz-devel-5.2.4-3.el8.x86_64.rpm
xz-libs-5.2.4-3.el8.i686.rpm,xz-libs-5.2.4-3.el8.i686.rpm
xz-libs-5.2.4-3.el8.x86_64.rpm,xz-libs-5.2.4-3.el8.x86_64.rpm
yum-4.2.23-4.el8.noarch.rpm,yum-4.2.23-4.el8.noarch.rpm
yum-utils-4.0.17-5.el8.noarch.rpm,yum-utils-4.0.17-5.el8.noarch.rpm
zip-3.0-23.el8.x86_64.rpm,zip-3.0-23.el8.x86_64.rpm
